<?xml version="1.0" encoding="us-ascii"?>
<!-- DFS ActiveDisclosure(SM) XBRL Linkbase Document - http://www.dfsco.com/financial-services/ -->
<!-- Creation Date      : 2018-03-12T19:26:10.0362483+00:00 -->
<!-- Version            : 2.9.6605.1333 -->
<!-- Package ID         : b224a94464a145dc8248b53d06fafba1 -->
<!-- Copyright (c) 2018 Donnelley Financial, LLC. All Rights Reserved. -->
<linkbase xmlns="http://www.xbrl.org/2003/linkbase" xmlns:xsi="http://www.w3.org/2001/XMLSchema-instance" xmlns:xlink="http://www.w3.org/1999/xlink" xsi:schemaLocation="http://www.xbrl.org/2003/linkbase http://www.xbrl.org/2003/xbrl-linkbase-2003-12-31.xsd">
  <roleRef xlink:type="simple" xlink:href="wve-20171231.xsd#TemplateLink" roleURI="http://www.wavelifesciences.com/20171231/role/TemplateLink" />
  <roleRef roleURI="http://www.wavelifesciences.com/20171231/taxonomy/role/StatementConsolidatedBalanceSheets" xlink:href="wve-20171231.xsd#Role_StatementConsolidatedBalanceSheets" xlink:type="simple" />
  <calculationLink xlink:type="extended" xlink:role="http://www.wavelifesciences.com/20171231/taxonomy/role/StatementConsolidatedBalanceSheets">
    <loc xlink:href="http://xbrl.fasb.org/us-gaap/2017/elts/us-gaap-2017-01-31.xsd#us-gaap_DeferredTaxAssetsLiabilitiesNetCurrent" xlink:type="locator" xlink:label="us-gaap_DeferredTaxAssetsLiabilitiesNetCurrent" />
    <loc xlink:href="http://xbrl.fasb.org/us-gaap/2017/elts/us-gaap-2017-01-31.xsd#us-gaap_PrepaidExpenseAndOtherAssetsCurrent" xlink:type="locator" xlink:label="us-gaap_PrepaidExpenseAndOtherAssetsCurrent" />
    <loc xlink:href="http://xbrl.fasb.org/us-gaap/2017/elts/us-gaap-2017-01-31.xsd#us-gaap_CashAndCashEquivalentsAtCarryingValue" xlink:type="locator" xlink:label="us-gaap_CashAndCashEquivalentsAtCarryingValue" />
    <loc xlink:href="http://xbrl.fasb.org/us-gaap/2017/elts/us-gaap-2017-01-31.xsd#us-gaap_OtherAssets" xlink:type="locator" xlink:label="us-gaap_OtherAssets" />
    <loc xlink:href="http://xbrl.fasb.org/us-gaap/2017/elts/us-gaap-2017-01-31.xsd#us-gaap_RestrictedCashAndCashEquivalentsNoncurrent" xlink:type="locator" xlink:label="us-gaap_RestrictedCashAndCashEquivalentsNoncurrent" />
    <loc xlink:href="http://xbrl.fasb.org/us-gaap/2017/elts/us-gaap-2017-01-31.xsd#us-gaap_DeferredTaxAssetsLiabilitiesNetNoncurrent" xlink:type="locator" xlink:label="us-gaap_DeferredTaxAssetsLiabilitiesNetNoncurrent" />
    <loc xlink:href="http://xbrl.fasb.org/us-gaap/2017/elts/us-gaap-2017-01-31.xsd#us-gaap_PropertyPlantAndEquipmentNet" xlink:type="locator" xlink:label="us-gaap_PropertyPlantAndEquipmentNet" />
    <loc xlink:href="http://xbrl.fasb.org/us-gaap/2017/elts/us-gaap-2017-01-31.xsd#us-gaap_AssetsNoncurrent" xlink:type="locator" xlink:label="us-gaap_AssetsNoncurrent" />
    <loc xlink:href="http://xbrl.fasb.org/us-gaap/2017/elts/us-gaap-2017-01-31.xsd#us-gaap_AssetsCurrent" xlink:type="locator" xlink:label="us-gaap_AssetsCurrent" />
    <loc xlink:href="http://xbrl.fasb.org/us-gaap/2017/elts/us-gaap-2017-01-31.xsd#us-gaap_Assets" xlink:type="locator" xlink:label="us-gaap_Assets" />
    <loc xlink:href="http://xbrl.fasb.org/us-gaap/2017/elts/us-gaap-2017-01-31.xsd#us-gaap_LeaseIncentivePayableCurrent" xlink:type="locator" xlink:label="us-gaap_LeaseIncentivePayableCurrent" />
    <loc xlink:href="http://xbrl.fasb.org/us-gaap/2017/elts/us-gaap-2017-01-31.xsd#us-gaap_DeferredRevenueCurrent" xlink:type="locator" xlink:label="us-gaap_DeferredRevenueCurrent" />
    <loc xlink:href="http://xbrl.fasb.org/us-gaap/2017/elts/us-gaap-2017-01-31.xsd#us-gaap_DeferredRentCreditCurrent" xlink:type="locator" xlink:label="us-gaap_DeferredRentCreditCurrent" />
    <loc xlink:href="http://xbrl.fasb.org/us-gaap/2017/elts/us-gaap-2017-01-31.xsd#us-gaap_CapitalLeaseObligationsCurrent" xlink:type="locator" xlink:label="us-gaap_CapitalLeaseObligationsCurrent" />
    <loc xlink:href="http://xbrl.fasb.org/us-gaap/2017/elts/us-gaap-2017-01-31.xsd#us-gaap_AccruedLiabilitiesAndOtherLiabilities" xlink:type="locator" xlink:label="us-gaap_AccruedLiabilitiesAndOtherLiabilities" />
    <loc xlink:href="http://xbrl.fasb.org/us-gaap/2017/elts/us-gaap-2017-01-31.xsd#us-gaap_AccountsPayableCurrent" xlink:type="locator" xlink:label="us-gaap_AccountsPayableCurrent" />
    <loc xlink:href="http://xbrl.fasb.org/us-gaap/2017/elts/us-gaap-2017-01-31.xsd#us-gaap_OtherLiabilitiesNoncurrent" xlink:type="locator" xlink:label="us-gaap_OtherLiabilitiesNoncurrent" />
    <loc xlink:href="wve-20171231.xsd#wve_LeaseIncentivePayableNoncurrent" xlink:type="locator" xlink:label="wve_LeaseIncentivePayableNoncurrent" />
    <loc xlink:href="http://xbrl.fasb.org/us-gaap/2017/elts/us-gaap-2017-01-31.xsd#us-gaap_DeferredRevenueNoncurrent" xlink:type="locator" xlink:label="us-gaap_DeferredRevenueNoncurrent" />
    <loc xlink:href="http://xbrl.fasb.org/us-gaap/2017/elts/us-gaap-2017-01-31.xsd#us-gaap_DeferredRentCreditNoncurrent" xlink:type="locator" xlink:label="us-gaap_DeferredRentCreditNoncurrent" />
    <loc xlink:href="http://xbrl.fasb.org/us-gaap/2017/elts/us-gaap-2017-01-31.xsd#us-gaap_CapitalLeaseObligationsNoncurrent" xlink:type="locator" xlink:label="us-gaap_CapitalLeaseObligationsNoncurrent" />
    <loc xlink:href="http://xbrl.fasb.org/us-gaap/2017/elts/us-gaap-2017-01-31.xsd#us-gaap_LiabilitiesNoncurrent" xlink:type="locator" xlink:label="us-gaap_LiabilitiesNoncurrent" />
    <loc xlink:href="http://xbrl.fasb.org/us-gaap/2017/elts/us-gaap-2017-01-31.xsd#us-gaap_LiabilitiesCurrent" xlink:type="locator" xlink:label="us-gaap_LiabilitiesCurrent" />
    <loc xlink:href="http://xbrl.fasb.org/us-gaap/2017/elts/us-gaap-2017-01-31.xsd#us-gaap_RetainedEarningsAccumulatedDeficit" xlink:type="locator" xlink:label="us-gaap_RetainedEarningsAccumulatedDeficit" />
    <loc xlink:href="http://xbrl.fasb.org/us-gaap/2017/elts/us-gaap-2017-01-31.xsd#us-gaap_AccumulatedOtherComprehensiveIncomeLossNetOfTax" xlink:type="locator" xlink:label="us-gaap_AccumulatedOtherComprehensiveIncomeLossNetOfTax" />
    <loc xlink:href="http://xbrl.fasb.org/us-gaap/2017/elts/us-gaap-2017-01-31.xsd#us-gaap_AdditionalPaidInCapital" xlink:type="locator" xlink:label="us-gaap_AdditionalPaidInCapital" />
    <loc xlink:href="http://xbrl.fasb.org/us-gaap/2017/elts/us-gaap-2017-01-31.xsd#us-gaap_CommonStockValue" xlink:type="locator" xlink:label="us-gaap_CommonStockValue" />
    <loc xlink:href="http://xbrl.fasb.org/us-gaap/2017/elts/us-gaap-2017-01-31.xsd#us-gaap_StockholdersEquity" xlink:type="locator" xlink:label="us-gaap_StockholdersEquity" />
    <loc xlink:href="http://xbrl.fasb.org/us-gaap/2017/elts/us-gaap-2017-01-31.xsd#us-gaap_TemporaryEquityCarryingAmountAttributableToParent" xlink:type="locator" xlink:label="us-gaap_TemporaryEquityCarryingAmountAttributableToParent" />
    <loc xlink:href="http://xbrl.fasb.org/us-gaap/2017/elts/us-gaap-2017-01-31.xsd#us-gaap_Liabilities" xlink:type="locator" xlink:label="us-gaap_Liabilities" />
    <loc xlink:href="http://xbrl.fasb.org/us-gaap/2017/elts/us-gaap-2017-01-31.xsd#us-gaap_LiabilitiesAndStockholdersEquity" xlink:type="locator" xlink:label="us-gaap_LiabilitiesAndStockholdersEquity" />
    <calculationArc xlink:type="arc" xlink:arcrole="http://www.xbrl.org/2003/arcrole/summation-item" xlink:from="us-gaap_LiabilitiesAndStockholdersEquity" xlink:to="us-gaap_Liabilities" order="10010.00" priority="2" use="optional" weight="1.00" />
    <calculationArc xlink:type="arc" xlink:arcrole="http://www.xbrl.org/2003/arcrole/summation-item" xlink:from="us-gaap_LiabilitiesAndStockholdersEquity" xlink:to="us-gaap_TemporaryEquityCarryingAmountAttributableToParent" order="10020.00" priority="2" use="optional" weight="1.00" />
    <calculationArc xlink:type="arc" xlink:arcrole="http://www.xbrl.org/2003/arcrole/summation-item" xlink:from="us-gaap_LiabilitiesAndStockholdersEquity" xlink:to="us-gaap_StockholdersEquity" order="10030.00" priority="2" use="optional" weight="1.00" />
    <calculationArc xlink:type="arc" xlink:arcrole="http://www.xbrl.org/2003/arcrole/summation-item" xlink:from="us-gaap_StockholdersEquity" xlink:to="us-gaap_CommonStockValue" order="10040.00" priority="2" use="optional" weight="1.00" />
    <calculationArc xlink:type="arc" xlink:arcrole="http://www.xbrl.org/2003/arcrole/summation-item" xlink:from="us-gaap_StockholdersEquity" xlink:to="us-gaap_AdditionalPaidInCapital" order="10050.00" priority="2" use="optional" weight="1.00" />
    <calculationArc xlink:type="arc" xlink:arcrole="http://www.xbrl.org/2003/arcrole/summation-item" xlink:from="us-gaap_StockholdersEquity" xlink:to="us-gaap_AccumulatedOtherComprehensiveIncomeLossNetOfTax" order="10060.00" priority="2" use="optional" weight="1.00" />
    <calculationArc xlink:type="arc" xlink:arcrole="http://www.xbrl.org/2003/arcrole/summation-item" xlink:from="us-gaap_StockholdersEquity" xlink:to="us-gaap_RetainedEarningsAccumulatedDeficit" order="10070.00" priority="2" use="optional" weight="1.00" />
    <calculationArc xlink:type="arc" xlink:arcrole="http://www.xbrl.org/2003/arcrole/summation-item" xlink:from="us-gaap_Liabilities" xlink:to="us-gaap_LiabilitiesCurrent" order="10080.00" priority="2" use="optional" weight="1.00" />
    <calculationArc xlink:type="arc" xlink:arcrole="http://www.xbrl.org/2003/arcrole/summation-item" xlink:from="us-gaap_Liabilities" xlink:to="us-gaap_LiabilitiesNoncurrent" order="10090.00" priority="2" use="optional" weight="1.00" />
    <calculationArc xlink:type="arc" xlink:arcrole="http://www.xbrl.org/2003/arcrole/summation-item" xlink:from="us-gaap_LiabilitiesNoncurrent" xlink:to="us-gaap_CapitalLeaseObligationsNoncurrent" order="10100.00" priority="2" use="optional" weight="1.00" />
    <calculationArc xlink:type="arc" xlink:arcrole="http://www.xbrl.org/2003/arcrole/summation-item" xlink:from="us-gaap_LiabilitiesNoncurrent" xlink:to="us-gaap_DeferredRentCreditNoncurrent" order="10110.00" priority="2" use="optional" weight="1.00" />
    <calculationArc xlink:type="arc" xlink:arcrole="http://www.xbrl.org/2003/arcrole/summation-item" xlink:from="us-gaap_LiabilitiesNoncurrent" xlink:to="us-gaap_DeferredRevenueNoncurrent" order="10120.00" priority="2" use="optional" weight="1.00" />
    <calculationArc xlink:type="arc" xlink:arcrole="http://www.xbrl.org/2003/arcrole/summation-item" xlink:from="us-gaap_LiabilitiesNoncurrent" xlink:to="wve_LeaseIncentivePayableNoncurrent" order="10130.00" priority="2" use="optional" weight="1.00" />
    <calculationArc xlink:type="arc" xlink:arcrole="http://www.xbrl.org/2003/arcrole/summation-item" xlink:from="us-gaap_LiabilitiesNoncurrent" xlink:to="us-gaap_OtherLiabilitiesNoncurrent" order="10140.00" priority="2" use="optional" weight="1.00" />
    <calculationArc xlink:type="arc" xlink:arcrole="http://www.xbrl.org/2003/arcrole/summation-item" xlink:from="us-gaap_LiabilitiesCurrent" xlink:to="us-gaap_AccountsPayableCurrent" order="10150.00" priority="2" use="optional" weight="1.00" />
    <calculationArc xlink:type="arc" xlink:arcrole="http://www.xbrl.org/2003/arcrole/summation-item" xlink:from="us-gaap_LiabilitiesCurrent" xlink:to="us-gaap_AccruedLiabilitiesAndOtherLiabilities" order="10160.00" priority="2" use="optional" weight="1.00" />
    <calculationArc xlink:type="arc" xlink:arcrole="http://www.xbrl.org/2003/arcrole/summation-item" xlink:from="us-gaap_LiabilitiesCurrent" xlink:to="us-gaap_CapitalLeaseObligationsCurrent" order="10170.00" priority="2" use="optional" weight="1.00" />
    <calculationArc xlink:type="arc" xlink:arcrole="http://www.xbrl.org/2003/arcrole/summation-item" xlink:from="us-gaap_LiabilitiesCurrent" xlink:to="us-gaap_DeferredRentCreditCurrent" order="10180.00" priority="2" use="optional" weight="1.00" />
    <calculationArc xlink:type="arc" xlink:arcrole="http://www.xbrl.org/2003/arcrole/summation-item" xlink:from="us-gaap_LiabilitiesCurrent" xlink:to="us-gaap_DeferredRevenueCurrent" order="10190.00" priority="2" use="optional" weight="1.00" />
    <calculationArc xlink:type="arc" xlink:arcrole="http://www.xbrl.org/2003/arcrole/summation-item" xlink:from="us-gaap_LiabilitiesCurrent" xlink:to="us-gaap_LeaseIncentivePayableCurrent" order="10200.00" priority="2" use="optional" weight="1.00" />
    <calculationArc xlink:type="arc" xlink:arcrole="http://www.xbrl.org/2003/arcrole/summation-item" xlink:from="us-gaap_Assets" xlink:to="us-gaap_AssetsCurrent" order="10210.00" priority="2" use="optional" weight="1.00" />
    <calculationArc xlink:type="arc" xlink:arcrole="http://www.xbrl.org/2003/arcrole/summation-item" xlink:from="us-gaap_Assets" xlink:to="us-gaap_AssetsNoncurrent" order="10220.00" priority="2" use="optional" weight="1.00" />
    <calculationArc xlink:type="arc" xlink:arcrole="http://www.xbrl.org/2003/arcrole/summation-item" xlink:from="us-gaap_AssetsNoncurrent" xlink:to="us-gaap_PropertyPlantAndEquipmentNet" order="10230.00" priority="2" use="optional" weight="1.00" />
    <calculationArc xlink:type="arc" xlink:arcrole="http://www.xbrl.org/2003/arcrole/summation-item" xlink:from="us-gaap_AssetsNoncurrent" xlink:to="us-gaap_DeferredTaxAssetsLiabilitiesNetNoncurrent" order="10240.00" priority="2" use="optional" weight="1.00" />
    <calculationArc xlink:type="arc" xlink:arcrole="http://www.xbrl.org/2003/arcrole/summation-item" xlink:from="us-gaap_AssetsNoncurrent" xlink:to="us-gaap_RestrictedCashAndCashEquivalentsNoncurrent" order="10250.00" priority="2" use="optional" weight="1.00" />
    <calculationArc xlink:type="arc" xlink:arcrole="http://www.xbrl.org/2003/arcrole/summation-item" xlink:from="us-gaap_AssetsNoncurrent" xlink:to="us-gaap_OtherAssets" order="10260.00" priority="2" use="optional" weight="1.00" />
    <calculationArc xlink:type="arc" xlink:arcrole="http://www.xbrl.org/2003/arcrole/summation-item" xlink:from="us-gaap_AssetsCurrent" xlink:to="us-gaap_CashAndCashEquivalentsAtCarryingValue" order="10270.00" priority="2" use="optional" weight="1.00" />
    <calculationArc xlink:type="arc" xlink:arcrole="http://www.xbrl.org/2003/arcrole/summation-item" xlink:from="us-gaap_AssetsCurrent" xlink:to="us-gaap_PrepaidExpenseAndOtherAssetsCurrent" order="10280.00" priority="2" use="optional" weight="1.00" />
    <calculationArc xlink:type="arc" xlink:arcrole="http://www.xbrl.org/2003/arcrole/summation-item" xlink:from="us-gaap_AssetsCurrent" xlink:to="us-gaap_DeferredTaxAssetsLiabilitiesNetCurrent" order="10290.00" priority="2" use="optional" weight="1.00" />
  </calculationLink>
  <roleRef roleURI="http://www.wavelifesciences.com/20171231/taxonomy/role/StatementConsolidatedStatementsOfOperations" xlink:href="wve-20171231.xsd#Role_StatementConsolidatedStatementsOfOperations" xlink:type="simple" />
  <calculationLink xlink:type="extended" xlink:role="http://www.wavelifesciences.com/20171231/taxonomy/role/StatementConsolidatedStatementsOfOperations">
    <loc xlink:href="http://xbrl.fasb.org/us-gaap/2017/elts/us-gaap-2017-01-31.xsd#us-gaap_GeneralAndAdministrativeExpense" xlink:type="locator" xlink:label="us-gaap_GeneralAndAdministrativeExpense" />
    <loc xlink:href="http://xbrl.fasb.org/us-gaap/2017/elts/us-gaap-2017-01-31.xsd#us-gaap_ResearchAndDevelopmentExpense" xlink:type="locator" xlink:label="us-gaap_ResearchAndDevelopmentExpense" />
    <loc xlink:href="http://xbrl.fasb.org/us-gaap/2017/elts/us-gaap-2017-01-31.xsd#us-gaap_OperatingExpenses" xlink:type="locator" xlink:label="us-gaap_OperatingExpenses" />
    <loc xlink:href="http://xbrl.fasb.org/us-gaap/2017/elts/us-gaap-2017-01-31.xsd#us-gaap_Revenues" xlink:type="locator" xlink:label="us-gaap_Revenues" />
    <loc xlink:href="http://xbrl.fasb.org/us-gaap/2017/elts/us-gaap-2017-01-31.xsd#us-gaap_OtherNonoperatingIncomeExpense" xlink:type="locator" xlink:label="us-gaap_OtherNonoperatingIncomeExpense" />
    <loc xlink:href="http://xbrl.fasb.org/us-gaap/2017/elts/us-gaap-2017-01-31.xsd#us-gaap_InterestIncomeExpenseNonoperatingNet" xlink:type="locator" xlink:label="us-gaap_InterestIncomeExpenseNonoperatingNet" />
    <loc xlink:href="http://xbrl.fasb.org/us-gaap/2017/elts/us-gaap-2017-01-31.xsd#us-gaap_InvestmentIncomeDividend" xlink:type="locator" xlink:label="us-gaap_InvestmentIncomeDividend" />
    <loc xlink:href="http://xbrl.fasb.org/us-gaap/2017/elts/us-gaap-2017-01-31.xsd#us-gaap_NonoperatingIncomeExpense" xlink:type="locator" xlink:label="us-gaap_NonoperatingIncomeExpense" />
    <loc xlink:href="http://xbrl.fasb.org/us-gaap/2017/elts/us-gaap-2017-01-31.xsd#us-gaap_OperatingIncomeLoss" xlink:type="locator" xlink:label="us-gaap_OperatingIncomeLoss" />
    <loc xlink:href="http://xbrl.fasb.org/us-gaap/2017/elts/us-gaap-2017-01-31.xsd#us-gaap_IncomeTaxExpenseBenefit" xlink:type="locator" xlink:label="us-gaap_IncomeTaxExpenseBenefit" />
    <loc xlink:href="http://xbrl.fasb.org/us-gaap/2017/elts/us-gaap-2017-01-31.xsd#us-gaap_IncomeLossFromContinuingOperationsBeforeIncomeTaxesExtraordinaryItemsNoncontrollingInterest" xlink:type="locator" xlink:label="us-gaap_IncomeLossFromContinuingOperationsBeforeIncomeTaxesExtraordinaryItemsNoncontrollingInterest" />
    <loc xlink:href="http://xbrl.fasb.org/us-gaap/2017/elts/us-gaap-2017-01-31.xsd#us-gaap_NetIncomeLoss" xlink:type="locator" xlink:label="us-gaap_NetIncomeLoss" />
    <calculationArc xlink:type="arc" xlink:arcrole="http://www.xbrl.org/2003/arcrole/summation-item" xlink:from="us-gaap_NetIncomeLoss" xlink:to="us-gaap_IncomeLossFromContinuingOperationsBeforeIncomeTaxesExtraordinaryItemsNoncontrollingInterest" order="10010.00" priority="2" use="optional" weight="1.00" />
    <calculationArc xlink:type="arc" xlink:arcrole="http://www.xbrl.org/2003/arcrole/summation-item" xlink:from="us-gaap_NetIncomeLoss" xlink:to="us-gaap_IncomeTaxExpenseBenefit" order="10020.00" priority="2" use="optional" weight="-1.00" />
    <calculationArc xlink:type="arc" xlink:arcrole="http://www.xbrl.org/2003/arcrole/summation-item" xlink:from="us-gaap_IncomeLossFromContinuingOperationsBeforeIncomeTaxesExtraordinaryItemsNoncontrollingInterest" xlink:to="us-gaap_OperatingIncomeLoss" order="10030.00" priority="2" use="optional" weight="1.00" />
    <calculationArc xlink:type="arc" xlink:arcrole="http://www.xbrl.org/2003/arcrole/summation-item" xlink:from="us-gaap_IncomeLossFromContinuingOperationsBeforeIncomeTaxesExtraordinaryItemsNoncontrollingInterest" xlink:to="us-gaap_NonoperatingIncomeExpense" order="10040.00" priority="2" use="optional" weight="1.00" />
    <calculationArc xlink:type="arc" xlink:arcrole="http://www.xbrl.org/2003/arcrole/summation-item" xlink:from="us-gaap_NonoperatingIncomeExpense" xlink:to="us-gaap_InvestmentIncomeDividend" order="10050.00" priority="2" use="optional" weight="1.00" />
    <calculationArc xlink:type="arc" xlink:arcrole="http://www.xbrl.org/2003/arcrole/summation-item" xlink:from="us-gaap_NonoperatingIncomeExpense" xlink:to="us-gaap_InterestIncomeExpenseNonoperatingNet" order="10060.00" priority="2" use="optional" weight="1.00" />
    <calculationArc xlink:type="arc" xlink:arcrole="http://www.xbrl.org/2003/arcrole/summation-item" xlink:from="us-gaap_NonoperatingIncomeExpense" xlink:to="us-gaap_OtherNonoperatingIncomeExpense" order="10070.00" priority="2" use="optional" weight="1.00" />
    <calculationArc xlink:type="arc" xlink:arcrole="http://www.xbrl.org/2003/arcrole/summation-item" xlink:from="us-gaap_OperatingIncomeLoss" xlink:to="us-gaap_Revenues" order="10080.00" priority="2" use="optional" weight="1.00" />
    <calculationArc xlink:type="arc" xlink:arcrole="http://www.xbrl.org/2003/arcrole/summation-item" xlink:from="us-gaap_OperatingIncomeLoss" xlink:to="us-gaap_OperatingExpenses" order="10090.00" priority="2" use="optional" weight="-1.00" />
    <calculationArc xlink:type="arc" xlink:arcrole="http://www.xbrl.org/2003/arcrole/summation-item" xlink:from="us-gaap_OperatingExpenses" xlink:to="us-gaap_ResearchAndDevelopmentExpense" order="10100.00" priority="2" use="optional" weight="1.00" />
    <calculationArc xlink:type="arc" xlink:arcrole="http://www.xbrl.org/2003/arcrole/summation-item" xlink:from="us-gaap_OperatingExpenses" xlink:to="us-gaap_GeneralAndAdministrativeExpense" order="10110.00" priority="2" use="optional" weight="1.00" />
  </calculationLink>
  <roleRef roleURI="http://www.wavelifesciences.com/20171231/taxonomy/role/StatementConsolidatedStatementsOfComprehensiveLoss" xlink:href="wve-20171231.xsd#Role_StatementConsolidatedStatementsOfComprehensiveLoss" xlink:type="simple" />
  <calculationLink xlink:type="extended" xlink:role="http://www.wavelifesciences.com/20171231/taxonomy/role/StatementConsolidatedStatementsOfComprehensiveLoss">
    <loc xlink:href="http://xbrl.fasb.org/us-gaap/2017/elts/us-gaap-2017-01-31.xsd#us-gaap_OtherComprehensiveIncomeLossForeignCurrencyTransactionAndTranslationAdjustmentNetOfTax" xlink:type="locator" xlink:label="us-gaap_OtherComprehensiveIncomeLossForeignCurrencyTransactionAndTranslationAdjustmentNetOfTax" />
    <loc xlink:href="http://xbrl.fasb.org/us-gaap/2017/elts/us-gaap-2017-01-31.xsd#us-gaap_NetIncomeLoss" xlink:type="locator" xlink:label="us-gaap_NetIncomeLoss" />
    <loc xlink:href="http://xbrl.fasb.org/us-gaap/2017/elts/us-gaap-2017-01-31.xsd#us-gaap_ComprehensiveIncomeNetOfTax" xlink:type="locator" xlink:label="us-gaap_ComprehensiveIncomeNetOfTax" />
    <calculationArc xlink:type="arc" xlink:arcrole="http://www.xbrl.org/2003/arcrole/summation-item" xlink:from="us-gaap_ComprehensiveIncomeNetOfTax" xlink:to="us-gaap_NetIncomeLoss" order="10010.00" priority="2" use="optional" weight="1.00" />
    <calculationArc xlink:type="arc" xlink:arcrole="http://www.xbrl.org/2003/arcrole/summation-item" xlink:from="us-gaap_ComprehensiveIncomeNetOfTax" xlink:to="us-gaap_OtherComprehensiveIncomeLossForeignCurrencyTransactionAndTranslationAdjustmentNetOfTax" order="10020.00" priority="2" use="optional" weight="1.00" />
  </calculationLink>
  <roleRef roleURI="http://www.wavelifesciences.com/20171231/taxonomy/role/StatementConsolidatedStatementsOfCashFlows" xlink:href="wve-20171231.xsd#Role_StatementConsolidatedStatementsOfCashFlows" xlink:type="simple" />
  <calculationLink xlink:type="extended" xlink:role="http://www.wavelifesciences.com/20171231/taxonomy/role/StatementConsolidatedStatementsOfCashFlows">
    <loc xlink:href="http://xbrl.fasb.org/us-gaap/2017/elts/us-gaap-2017-01-31.xsd#us-gaap_IncreaseDecreaseInOtherNoncurrentLiabilities" xlink:type="locator" xlink:label="us-gaap_IncreaseDecreaseInOtherNoncurrentLiabilities" />
    <loc xlink:href="http://xbrl.fasb.org/us-gaap/2017/elts/us-gaap-2017-01-31.xsd#us-gaap_IncreaseDecreaseInDeferredRevenue" xlink:type="locator" xlink:label="us-gaap_IncreaseDecreaseInDeferredRevenue" />
    <loc xlink:href="http://xbrl.fasb.org/us-gaap/2017/elts/us-gaap-2017-01-31.xsd#us-gaap_IncreaseDecreaseInAccountsPayableAndAccruedLiabilities" xlink:type="locator" xlink:label="us-gaap_IncreaseDecreaseInAccountsPayableAndAccruedLiabilities" />
    <loc xlink:href="http://xbrl.fasb.org/us-gaap/2017/elts/us-gaap-2017-01-31.xsd#us-gaap_IncreaseDecreaseInAccountsPayable" xlink:type="locator" xlink:label="us-gaap_IncreaseDecreaseInAccountsPayable" />
    <loc xlink:href="http://xbrl.fasb.org/us-gaap/2017/elts/us-gaap-2017-01-31.xsd#us-gaap_IncreaseDecreaseInOtherNoncurrentAssets" xlink:type="locator" xlink:label="us-gaap_IncreaseDecreaseInOtherNoncurrentAssets" />
    <loc xlink:href="http://xbrl.fasb.org/us-gaap/2017/elts/us-gaap-2017-01-31.xsd#us-gaap_IncreaseDecreaseInPrepaidDeferredExpenseAndOtherAssets" xlink:type="locator" xlink:label="us-gaap_IncreaseDecreaseInPrepaidDeferredExpenseAndOtherAssets" />
    <loc xlink:href="http://xbrl.fasb.org/us-gaap/2017/elts/us-gaap-2017-01-31.xsd#us-gaap_ExcessTaxBenefitFromShareBasedCompensationOperatingActivities" xlink:type="locator" xlink:label="us-gaap_ExcessTaxBenefitFromShareBasedCompensationOperatingActivities" />
    <loc xlink:href="http://xbrl.fasb.org/us-gaap/2017/elts/us-gaap-2017-01-31.xsd#us-gaap_DeferredIncomeTaxesAndTaxCredits" xlink:type="locator" xlink:label="us-gaap_DeferredIncomeTaxesAndTaxCredits" />
    <loc xlink:href="http://xbrl.fasb.org/us-gaap/2017/elts/us-gaap-2017-01-31.xsd#us-gaap_GainLossOnSaleOfPropertyPlantEquipment" xlink:type="locator" xlink:label="us-gaap_GainLossOnSaleOfPropertyPlantEquipment" />
    <loc xlink:href="http://xbrl.fasb.org/us-gaap/2017/elts/us-gaap-2017-01-31.xsd#us-gaap_StraightLineRentAdjustments" xlink:type="locator" xlink:label="us-gaap_StraightLineRentAdjustments" />
    <loc xlink:href="http://xbrl.fasb.org/us-gaap/2017/elts/us-gaap-2017-01-31.xsd#us-gaap_AllocatedShareBasedCompensationExpense" xlink:type="locator" xlink:label="us-gaap_AllocatedShareBasedCompensationExpense" />
    <loc xlink:href="http://xbrl.fasb.org/us-gaap/2017/elts/us-gaap-2017-01-31.xsd#us-gaap_DepreciationAndAmortization" xlink:type="locator" xlink:label="us-gaap_DepreciationAndAmortization" />
    <loc xlink:href="wve-20171231.xsd#wve_AmortizationOfLeaseIncentiveObligation" xlink:type="locator" xlink:label="wve_AmortizationOfLeaseIncentiveObligation" />
    <loc xlink:href="http://xbrl.fasb.org/us-gaap/2017/elts/us-gaap-2017-01-31.xsd#us-gaap_NetIncomeLoss" xlink:type="locator" xlink:label="us-gaap_NetIncomeLoss" />
    <loc xlink:href="http://xbrl.fasb.org/us-gaap/2017/elts/us-gaap-2017-01-31.xsd#us-gaap_PaymentsToAcquirePropertyPlantAndEquipment" xlink:type="locator" xlink:label="us-gaap_PaymentsToAcquirePropertyPlantAndEquipment" />
    <loc xlink:href="http://xbrl.fasb.org/us-gaap/2017/elts/us-gaap-2017-01-31.xsd#us-gaap_ProceedsFromSaleOfPropertyPlantAndEquipment" xlink:type="locator" xlink:label="us-gaap_ProceedsFromSaleOfPropertyPlantAndEquipment" />
    <loc xlink:href="wve-20171231.xsd#wve_ProceedsFromGovernmentGrantReimbursementsForPropertyAndEquipment" xlink:type="locator" xlink:label="wve_ProceedsFromGovernmentGrantReimbursementsForPropertyAndEquipment" />
    <loc xlink:href="http://xbrl.fasb.org/us-gaap/2017/elts/us-gaap-2017-01-31.xsd#us-gaap_IncreaseDecreaseInRestrictedCash" xlink:type="locator" xlink:label="us-gaap_IncreaseDecreaseInRestrictedCash" />
    <loc xlink:href="http://xbrl.fasb.org/us-gaap/2017/elts/us-gaap-2017-01-31.xsd#us-gaap_ProceedsFromStockOptionsExercised" xlink:type="locator" xlink:label="us-gaap_ProceedsFromStockOptionsExercised" />
    <loc xlink:href="http://xbrl.fasb.org/us-gaap/2017/elts/us-gaap-2017-01-31.xsd#us-gaap_RepaymentsOfLongTermCapitalLeaseObligations" xlink:type="locator" xlink:label="us-gaap_RepaymentsOfLongTermCapitalLeaseObligations" />
    <loc xlink:href="wve-20171231.xsd#wve_ProceedsFromGovernmentGrant" xlink:type="locator" xlink:label="wve_ProceedsFromGovernmentGrant" />
    <loc xlink:href="http://xbrl.fasb.org/us-gaap/2017/elts/us-gaap-2017-01-31.xsd#us-gaap_ProceedsFromIssuanceOfPreferredStockAndPreferenceStock" xlink:type="locator" xlink:label="us-gaap_ProceedsFromIssuanceOfPreferredStockAndPreferenceStock" />
    <loc xlink:href="http://xbrl.fasb.org/us-gaap/2017/elts/us-gaap-2017-01-31.xsd#us-gaap_ProceedsFromIssuanceOfCommonStock" xlink:type="locator" xlink:label="us-gaap_ProceedsFromIssuanceOfCommonStock" />
    <loc xlink:href="http://xbrl.fasb.org/us-gaap/2017/elts/us-gaap-2017-01-31.xsd#us-gaap_PaymentsForRepurchaseOfInitialPublicOffering" xlink:type="locator" xlink:label="us-gaap_PaymentsForRepurchaseOfInitialPublicOffering" />
    <loc xlink:href="http://xbrl.fasb.org/us-gaap/2017/elts/us-gaap-2017-01-31.xsd#us-gaap_ProceedsFromIssuanceInitialPublicOffering" xlink:type="locator" xlink:label="us-gaap_ProceedsFromIssuanceInitialPublicOffering" />
    <loc xlink:href="http://xbrl.fasb.org/us-gaap/2017/elts/us-gaap-2017-01-31.xsd#us-gaap_EffectOfExchangeRateOnCashContinuingOperations" xlink:type="locator" xlink:label="us-gaap_EffectOfExchangeRateOnCashContinuingOperations" />
    <loc xlink:href="http://xbrl.fasb.org/us-gaap/2017/elts/us-gaap-2017-01-31.xsd#us-gaap_NetCashProvidedByUsedInFinancingActivitiesContinuingOperations" xlink:type="locator" xlink:label="us-gaap_NetCashProvidedByUsedInFinancingActivitiesContinuingOperations" />
    <loc xlink:href="http://xbrl.fasb.org/us-gaap/2017/elts/us-gaap-2017-01-31.xsd#us-gaap_NetCashProvidedByUsedInInvestingActivitiesContinuingOperations" xlink:type="locator" xlink:label="us-gaap_NetCashProvidedByUsedInInvestingActivitiesContinuingOperations" />
    <loc xlink:href="http://xbrl.fasb.org/us-gaap/2017/elts/us-gaap-2017-01-31.xsd#us-gaap_NetCashProvidedByUsedInOperatingActivitiesContinuingOperations" xlink:type="locator" xlink:label="us-gaap_NetCashProvidedByUsedInOperatingActivitiesContinuingOperations" />
    <loc xlink:href="http://xbrl.fasb.org/us-gaap/2017/elts/us-gaap-2017-01-31.xsd#us-gaap_CashAndCashEquivalentsPeriodIncreaseDecrease" xlink:type="locator" xlink:label="us-gaap_CashAndCashEquivalentsPeriodIncreaseDecrease" />
    <calculationArc xlink:type="arc" xlink:arcrole="http://www.xbrl.org/2003/arcrole/summation-item" xlink:from="us-gaap_CashAndCashEquivalentsPeriodIncreaseDecrease" xlink:to="us-gaap_NetCashProvidedByUsedInOperatingActivitiesContinuingOperations" order="10010.00" priority="2" use="optional" weight="1.00" />
    <calculationArc xlink:type="arc" xlink:arcrole="http://www.xbrl.org/2003/arcrole/summation-item" xlink:from="us-gaap_CashAndCashEquivalentsPeriodIncreaseDecrease" xlink:to="us-gaap_NetCashProvidedByUsedInInvestingActivitiesContinuingOperations" order="10020.00" priority="2" use="optional" weight="1.00" />
    <calculationArc xlink:type="arc" xlink:arcrole="http://www.xbrl.org/2003/arcrole/summation-item" xlink:from="us-gaap_CashAndCashEquivalentsPeriodIncreaseDecrease" xlink:to="us-gaap_NetCashProvidedByUsedInFinancingActivitiesContinuingOperations" order="10030.00" priority="2" use="optional" weight="1.00" />
    <calculationArc xlink:type="arc" xlink:arcrole="http://www.xbrl.org/2003/arcrole/summation-item" xlink:from="us-gaap_CashAndCashEquivalentsPeriodIncreaseDecrease" xlink:to="us-gaap_EffectOfExchangeRateOnCashContinuingOperations" order="10040.00" priority="2" use="optional" weight="1.00" />
    <calculationArc xlink:type="arc" xlink:arcrole="http://www.xbrl.org/2003/arcrole/summation-item" xlink:from="us-gaap_NetCashProvidedByUsedInFinancingActivitiesContinuingOperations" xlink:to="us-gaap_ProceedsFromIssuanceInitialPublicOffering" order="10050.00" priority="2" use="optional" weight="1.00" />
    <calculationArc xlink:type="arc" xlink:arcrole="http://www.xbrl.org/2003/arcrole/summation-item" xlink:from="us-gaap_NetCashProvidedByUsedInFinancingActivitiesContinuingOperations" xlink:to="us-gaap_PaymentsForRepurchaseOfInitialPublicOffering" order="10060.00" priority="2" use="optional" weight="-1.00" />
    <calculationArc xlink:type="arc" xlink:arcrole="http://www.xbrl.org/2003/arcrole/summation-item" xlink:from="us-gaap_NetCashProvidedByUsedInFinancingActivitiesContinuingOperations" xlink:to="us-gaap_ProceedsFromIssuanceOfCommonStock" order="10070.00" priority="2" use="optional" weight="1.00" />
    <calculationArc xlink:type="arc" xlink:arcrole="http://www.xbrl.org/2003/arcrole/summation-item" xlink:from="us-gaap_NetCashProvidedByUsedInFinancingActivitiesContinuingOperations" xlink:to="us-gaap_ProceedsFromIssuanceOfPreferredStockAndPreferenceStock" order="10080.00" priority="2" use="optional" weight="1.00" />
    <calculationArc xlink:type="arc" xlink:arcrole="http://www.xbrl.org/2003/arcrole/summation-item" xlink:from="us-gaap_NetCashProvidedByUsedInFinancingActivitiesContinuingOperations" xlink:to="wve_ProceedsFromGovernmentGrant" order="10090.00" priority="2" use="optional" weight="1.00" />
    <calculationArc xlink:type="arc" xlink:arcrole="http://www.xbrl.org/2003/arcrole/summation-item" xlink:from="us-gaap_NetCashProvidedByUsedInFinancingActivitiesContinuingOperations" xlink:to="us-gaap_RepaymentsOfLongTermCapitalLeaseObligations" order="10100.00" priority="2" use="optional" weight="-1.00" />
    <calculationArc xlink:type="arc" xlink:arcrole="http://www.xbrl.org/2003/arcrole/summation-item" xlink:from="us-gaap_NetCashProvidedByUsedInFinancingActivitiesContinuingOperations" xlink:to="us-gaap_ProceedsFromStockOptionsExercised" order="10110.00" priority="2" use="optional" weight="1.00" />
    <calculationArc xlink:type="arc" xlink:arcrole="http://www.xbrl.org/2003/arcrole/summation-item" xlink:from="us-gaap_NetCashProvidedByUsedInInvestingActivitiesContinuingOperations" xlink:to="us-gaap_IncreaseDecreaseInRestrictedCash" order="10120.00" priority="2" use="optional" weight="-1.00" />
    <calculationArc xlink:type="arc" xlink:arcrole="http://www.xbrl.org/2003/arcrole/summation-item" xlink:from="us-gaap_NetCashProvidedByUsedInInvestingActivitiesContinuingOperations" xlink:to="wve_ProceedsFromGovernmentGrantReimbursementsForPropertyAndEquipment" order="10130.00" priority="2" use="optional" weight="1.00" />
    <calculationArc xlink:type="arc" xlink:arcrole="http://www.xbrl.org/2003/arcrole/summation-item" xlink:from="us-gaap_NetCashProvidedByUsedInInvestingActivitiesContinuingOperations" xlink:to="us-gaap_ProceedsFromSaleOfPropertyPlantAndEquipment" order="10140.00" priority="2" use="optional" weight="1.00" />
    <calculationArc xlink:type="arc" xlink:arcrole="http://www.xbrl.org/2003/arcrole/summation-item" xlink:from="us-gaap_NetCashProvidedByUsedInInvestingActivitiesContinuingOperations" xlink:to="us-gaap_PaymentsToAcquirePropertyPlantAndEquipment" order="10150.00" priority="2" use="optional" weight="-1.00" />
    <calculationArc xlink:type="arc" xlink:arcrole="http://www.xbrl.org/2003/arcrole/summation-item" xlink:from="us-gaap_NetCashProvidedByUsedInOperatingActivitiesContinuingOperations" xlink:to="us-gaap_NetIncomeLoss" order="10160.00" priority="2" use="optional" weight="1.00" />
    <calculationArc xlink:type="arc" xlink:arcrole="http://www.xbrl.org/2003/arcrole/summation-item" xlink:from="us-gaap_NetCashProvidedByUsedInOperatingActivitiesContinuingOperations" xlink:to="wve_AmortizationOfLeaseIncentiveObligation" order="10170.00" priority="2" use="optional" weight="-1.00" />
    <calculationArc xlink:type="arc" xlink:arcrole="http://www.xbrl.org/2003/arcrole/summation-item" xlink:from="us-gaap_NetCashProvidedByUsedInOperatingActivitiesContinuingOperations" xlink:to="us-gaap_DepreciationAndAmortization" order="10180.00" priority="2" use="optional" weight="1.00" />
    <calculationArc xlink:type="arc" xlink:arcrole="http://www.xbrl.org/2003/arcrole/summation-item" xlink:from="us-gaap_NetCashProvidedByUsedInOperatingActivitiesContinuingOperations" xlink:to="us-gaap_AllocatedShareBasedCompensationExpense" order="10190.00" priority="2" use="optional" weight="1.00" />
    <calculationArc xlink:type="arc" xlink:arcrole="http://www.xbrl.org/2003/arcrole/summation-item" xlink:from="us-gaap_NetCashProvidedByUsedInOperatingActivitiesContinuingOperations" xlink:to="us-gaap_StraightLineRentAdjustments" order="10200.00" priority="2" use="optional" weight="1.00" />
    <calculationArc xlink:type="arc" xlink:arcrole="http://www.xbrl.org/2003/arcrole/summation-item" xlink:from="us-gaap_NetCashProvidedByUsedInOperatingActivitiesContinuingOperations" xlink:to="us-gaap_GainLossOnSaleOfPropertyPlantEquipment" order="10210.00" priority="2" use="optional" weight="-1.00" />
    <calculationArc xlink:type="arc" xlink:arcrole="http://www.xbrl.org/2003/arcrole/summation-item" xlink:from="us-gaap_NetCashProvidedByUsedInOperatingActivitiesContinuingOperations" xlink:to="us-gaap_DeferredIncomeTaxesAndTaxCredits" order="10220.00" priority="2" use="optional" weight="1.00" />
    <calculationArc xlink:type="arc" xlink:arcrole="http://www.xbrl.org/2003/arcrole/summation-item" xlink:from="us-gaap_NetCashProvidedByUsedInOperatingActivitiesContinuingOperations" xlink:to="us-gaap_ExcessTaxBenefitFromShareBasedCompensationOperatingActivities" order="10230.00" priority="2" use="optional" weight="-1.00" />
    <calculationArc xlink:type="arc" xlink:arcrole="http://www.xbrl.org/2003/arcrole/summation-item" xlink:from="us-gaap_NetCashProvidedByUsedInOperatingActivitiesContinuingOperations" xlink:to="us-gaap_IncreaseDecreaseInPrepaidDeferredExpenseAndOtherAssets" order="10240.00" priority="2" use="optional" weight="-1.00" />
    <calculationArc xlink:type="arc" xlink:arcrole="http://www.xbrl.org/2003/arcrole/summation-item" xlink:from="us-gaap_NetCashProvidedByUsedInOperatingActivitiesContinuingOperations" xlink:to="us-gaap_IncreaseDecreaseInOtherNoncurrentAssets" order="10250.00" priority="2" use="optional" weight="-1.00" />
    <calculationArc xlink:type="arc" xlink:arcrole="http://www.xbrl.org/2003/arcrole/summation-item" xlink:from="us-gaap_NetCashProvidedByUsedInOperatingActivitiesContinuingOperations" xlink:to="us-gaap_IncreaseDecreaseInAccountsPayable" order="10260.00" priority="2" use="optional" weight="1.00" />
    <calculationArc xlink:type="arc" xlink:arcrole="http://www.xbrl.org/2003/arcrole/summation-item" xlink:from="us-gaap_NetCashProvidedByUsedInOperatingActivitiesContinuingOperations" xlink:to="us-gaap_IncreaseDecreaseInAccountsPayableAndAccruedLiabilities" order="10270.00" priority="2" use="optional" weight="1.00" />
    <calculationArc xlink:type="arc" xlink:arcrole="http://www.xbrl.org/2003/arcrole/summation-item" xlink:from="us-gaap_NetCashProvidedByUsedInOperatingActivitiesContinuingOperations" xlink:to="us-gaap_IncreaseDecreaseInDeferredRevenue" order="10280.00" priority="2" use="optional" weight="1.00" />
    <calculationArc xlink:type="arc" xlink:arcrole="http://www.xbrl.org/2003/arcrole/summation-item" xlink:from="us-gaap_NetCashProvidedByUsedInOperatingActivitiesContinuingOperations" xlink:to="us-gaap_IncreaseDecreaseInOtherNoncurrentLiabilities" order="10290.00" priority="2" use="optional" weight="1.00" />
  </calculationLink>
  <roleRef roleURI="http://www.wavelifesciences.com/20171231/taxonomy/role/DisclosurePropertyAndEquipmentNetScheduleOfPropertyAndEquipmentNetDetail" xlink:href="wve-20171231.xsd#Role_DisclosurePropertyAndEquipmentNetScheduleOfPropertyAndEquipmentNetDetail" xlink:type="simple" />
  <calculationLink xlink:type="extended" xlink:role="http://www.wavelifesciences.com/20171231/taxonomy/role/DisclosurePropertyAndEquipmentNetScheduleOfPropertyAndEquipmentNetDetail">
    <loc xlink:href="http://xbrl.fasb.org/us-gaap/2017/elts/us-gaap-2017-01-31.xsd#us-gaap_AccumulatedDepreciationDepletionAndAmortizationPropertyPlantAndEquipment" xlink:type="locator" xlink:label="us-gaap_AccumulatedDepreciationDepletionAndAmortizationPropertyPlantAndEquipment" />
    <loc xlink:href="http://xbrl.fasb.org/us-gaap/2017/elts/us-gaap-2017-01-31.xsd#us-gaap_PropertyPlantAndEquipmentGross" xlink:type="locator" xlink:label="us-gaap_PropertyPlantAndEquipmentGross" />
    <loc xlink:href="http://xbrl.fasb.org/us-gaap/2017/elts/us-gaap-2017-01-31.xsd#us-gaap_PropertyPlantAndEquipmentNet" xlink:type="locator" xlink:label="us-gaap_PropertyPlantAndEquipmentNet" />
    <calculationArc xlink:type="arc" xlink:arcrole="http://www.xbrl.org/2003/arcrole/summation-item" xlink:from="us-gaap_PropertyPlantAndEquipmentNet" xlink:to="us-gaap_PropertyPlantAndEquipmentGross" order="10010.00" priority="2" use="optional" weight="1.00" />
    <calculationArc xlink:type="arc" xlink:arcrole="http://www.xbrl.org/2003/arcrole/summation-item" xlink:from="us-gaap_PropertyPlantAndEquipmentNet" xlink:to="us-gaap_AccumulatedDepreciationDepletionAndAmortizationPropertyPlantAndEquipment" order="10020.00" priority="2" use="optional" weight="-1.00" />
  </calculationLink>
  <roleRef roleURI="http://www.wavelifesciences.com/20171231/taxonomy/role/DisclosureAccruedExpensesAndOtherCurrentLiabilitiesSummaryOfAccruedExpensesAndOtherCurrentLiabilitiesDetail" xlink:href="wve-20171231.xsd#Role_DisclosureAccruedExpensesAndOtherCurrentLiabilitiesSummaryOfAccruedExpensesAndOtherCurrentLiabilitiesDetail" xlink:type="simple" />
  <calculationLink xlink:type="extended" xlink:role="http://www.wavelifesciences.com/20171231/taxonomy/role/DisclosureAccruedExpensesAndOtherCurrentLiabilitiesSummaryOfAccruedExpensesAndOtherCurrentLiabilitiesDetail">
    <loc xlink:href="http://xbrl.fasb.org/us-gaap/2017/elts/us-gaap-2017-01-31.xsd#us-gaap_OtherLiabilitiesCurrent" xlink:type="locator" xlink:label="us-gaap_OtherLiabilitiesCurrent" />
    <loc xlink:href="http://xbrl.fasb.org/us-gaap/2017/elts/us-gaap-2017-01-31.xsd#us-gaap_AccruedVacationCurrent" xlink:type="locator" xlink:label="us-gaap_AccruedVacationCurrent" />
    <loc xlink:href="http://xbrl.fasb.org/us-gaap/2017/elts/us-gaap-2017-01-31.xsd#us-gaap_AccruedProfessionalFeesCurrent" xlink:type="locator" xlink:label="us-gaap_AccruedProfessionalFeesCurrent" />
    <loc xlink:href="http://xbrl.fasb.org/us-gaap/2017/elts/us-gaap-2017-01-31.xsd#us-gaap_EmployeeRelatedLiabilitiesCurrent" xlink:type="locator" xlink:label="us-gaap_EmployeeRelatedLiabilitiesCurrent" />
    <loc xlink:href="http://xbrl.fasb.org/us-gaap/2017/elts/us-gaap-2017-01-31.xsd#us-gaap_AccruedLiabilitiesAndOtherLiabilities" xlink:type="locator" xlink:label="us-gaap_AccruedLiabilitiesAndOtherLiabilities" />
    <calculationArc xlink:type="arc" xlink:arcrole="http://www.xbrl.org/2003/arcrole/summation-item" xlink:from="us-gaap_AccruedLiabilitiesAndOtherLiabilities" xlink:to="us-gaap_EmployeeRelatedLiabilitiesCurrent" order="10010.00" priority="2" use="optional" weight="1.00" />
    <calculationArc xlink:type="arc" xlink:arcrole="http://www.xbrl.org/2003/arcrole/summation-item" xlink:from="us-gaap_AccruedLiabilitiesAndOtherLiabilities" xlink:to="us-gaap_AccruedProfessionalFeesCurrent" order="10020.00" priority="2" use="optional" weight="1.00" />
    <calculationArc xlink:type="arc" xlink:arcrole="http://www.xbrl.org/2003/arcrole/summation-item" xlink:from="us-gaap_AccruedLiabilitiesAndOtherLiabilities" xlink:to="us-gaap_AccruedVacationCurrent" order="10030.00" priority="2" use="optional" weight="1.00" />
    <calculationArc xlink:type="arc" xlink:arcrole="http://www.xbrl.org/2003/arcrole/summation-item" xlink:from="us-gaap_AccruedLiabilitiesAndOtherLiabilities" xlink:to="us-gaap_OtherLiabilitiesCurrent" order="10040.00" priority="2" use="optional" weight="1.00" />
  </calculationLink>
  <roleRef roleURI="http://www.wavelifesciences.com/20171231/taxonomy/role/DisclosureCommitmentsAndContingenciesFutureMinimumLeasePaymentsUnderOperatingLeasesDetail" xlink:href="wve-20171231.xsd#Role_DisclosureCommitmentsAndContingenciesFutureMinimumLeasePaymentsUnderOperatingLeasesDetail" xlink:type="simple" />
  <calculationLink xlink:type="extended" xlink:role="http://www.wavelifesciences.com/20171231/taxonomy/role/DisclosureCommitmentsAndContingenciesFutureMinimumLeasePaymentsUnderOperatingLeasesDetail">
    <loc xlink:href="http://xbrl.fasb.org/us-gaap/2017/elts/us-gaap-2017-01-31.xsd#us-gaap_OperatingLeasesFutureMinimumPaymentsDueThereafter" xlink:type="locator" xlink:label="us-gaap_OperatingLeasesFutureMinimumPaymentsDueThereafter" />
    <loc xlink:href="http://xbrl.fasb.org/us-gaap/2017/elts/us-gaap-2017-01-31.xsd#us-gaap_OperatingLeasesFutureMinimumPaymentsDueInFiveYears" xlink:type="locator" xlink:label="us-gaap_OperatingLeasesFutureMinimumPaymentsDueInFiveYears" />
    <loc xlink:href="http://xbrl.fasb.org/us-gaap/2017/elts/us-gaap-2017-01-31.xsd#us-gaap_OperatingLeasesFutureMinimumPaymentsDueInFourYears" xlink:type="locator" xlink:label="us-gaap_OperatingLeasesFutureMinimumPaymentsDueInFourYears" />
    <loc xlink:href="http://xbrl.fasb.org/us-gaap/2017/elts/us-gaap-2017-01-31.xsd#us-gaap_OperatingLeasesFutureMinimumPaymentsDueInThreeYears" xlink:type="locator" xlink:label="us-gaap_OperatingLeasesFutureMinimumPaymentsDueInThreeYears" />
    <loc xlink:href="http://xbrl.fasb.org/us-gaap/2017/elts/us-gaap-2017-01-31.xsd#us-gaap_OperatingLeasesFutureMinimumPaymentsDueInTwoYears" xlink:type="locator" xlink:label="us-gaap_OperatingLeasesFutureMinimumPaymentsDueInTwoYears" />
    <loc xlink:href="http://xbrl.fasb.org/us-gaap/2017/elts/us-gaap-2017-01-31.xsd#us-gaap_OperatingLeasesFutureMinimumPaymentsDueCurrent" xlink:type="locator" xlink:label="us-gaap_OperatingLeasesFutureMinimumPaymentsDueCurrent" />
    <loc xlink:href="http://xbrl.fasb.org/us-gaap/2017/elts/us-gaap-2017-01-31.xsd#us-gaap_OperatingLeasesFutureMinimumPaymentsDue" xlink:type="locator" xlink:label="us-gaap_OperatingLeasesFutureMinimumPaymentsDue" />
    <calculationArc xlink:type="arc" xlink:arcrole="http://www.xbrl.org/2003/arcrole/summation-item" xlink:from="us-gaap_OperatingLeasesFutureMinimumPaymentsDue" xlink:to="us-gaap_OperatingLeasesFutureMinimumPaymentsDueCurrent" order="10010.00" priority="2" use="optional" weight="1.00" />
    <calculationArc xlink:type="arc" xlink:arcrole="http://www.xbrl.org/2003/arcrole/summation-item" xlink:from="us-gaap_OperatingLeasesFutureMinimumPaymentsDue" xlink:to="us-gaap_OperatingLeasesFutureMinimumPaymentsDueInTwoYears" order="10020.00" priority="2" use="optional" weight="1.00" />
    <calculationArc xlink:type="arc" xlink:arcrole="http://www.xbrl.org/2003/arcrole/summation-item" xlink:from="us-gaap_OperatingLeasesFutureMinimumPaymentsDue" xlink:to="us-gaap_OperatingLeasesFutureMinimumPaymentsDueInThreeYears" order="10030.00" priority="2" use="optional" weight="1.00" />
    <calculationArc xlink:type="arc" xlink:arcrole="http://www.xbrl.org/2003/arcrole/summation-item" xlink:from="us-gaap_OperatingLeasesFutureMinimumPaymentsDue" xlink:to="us-gaap_OperatingLeasesFutureMinimumPaymentsDueInFourYears" order="10040.00" priority="2" use="optional" weight="1.00" />
    <calculationArc xlink:type="arc" xlink:arcrole="http://www.xbrl.org/2003/arcrole/summation-item" xlink:from="us-gaap_OperatingLeasesFutureMinimumPaymentsDue" xlink:to="us-gaap_OperatingLeasesFutureMinimumPaymentsDueInFiveYears" order="10050.00" priority="2" use="optional" weight="1.00" />
    <calculationArc xlink:type="arc" xlink:arcrole="http://www.xbrl.org/2003/arcrole/summation-item" xlink:from="us-gaap_OperatingLeasesFutureMinimumPaymentsDue" xlink:to="us-gaap_OperatingLeasesFutureMinimumPaymentsDueThereafter" order="10060.00" priority="2" use="optional" weight="1.00" />
  </calculationLink>
  <roleRef roleURI="http://www.wavelifesciences.com/20171231/taxonomy/role/DisclosureIncomeTaxesDeferredComponentsOfBenefitProvisionForIncomeTaxesDetail" xlink:href="wve-20171231.xsd#Role_DisclosureIncomeTaxesDeferredComponentsOfBenefitProvisionForIncomeTaxesDetail" xlink:type="simple" />
  <calculationLink xlink:type="extended" xlink:role="http://www.wavelifesciences.com/20171231/taxonomy/role/DisclosureIncomeTaxesDeferredComponentsOfBenefitProvisionForIncomeTaxesDetail">
    <loc xlink:href="http://xbrl.fasb.org/us-gaap/2017/elts/us-gaap-2017-01-31.xsd#us-gaap_DeferredIncomeTaxExpenseBenefit" xlink:type="locator" xlink:label="us-gaap_DeferredIncomeTaxExpenseBenefit" />
    <loc xlink:href="http://xbrl.fasb.org/us-gaap/2017/elts/us-gaap-2017-01-31.xsd#us-gaap_CurrentIncomeTaxExpenseBenefit" xlink:type="locator" xlink:label="us-gaap_CurrentIncomeTaxExpenseBenefit" />
    <loc xlink:href="http://xbrl.fasb.org/us-gaap/2017/elts/us-gaap-2017-01-31.xsd#us-gaap_IncomeTaxExpenseBenefit" xlink:type="locator" xlink:label="us-gaap_IncomeTaxExpenseBenefit" />
    <calculationArc xlink:type="arc" xlink:arcrole="http://www.xbrl.org/2003/arcrole/summation-item" xlink:from="us-gaap_IncomeTaxExpenseBenefit" xlink:to="us-gaap_CurrentIncomeTaxExpenseBenefit" order="10010.00" priority="2" use="optional" weight="1.00" />
    <calculationArc xlink:type="arc" xlink:arcrole="http://www.xbrl.org/2003/arcrole/summation-item" xlink:from="us-gaap_IncomeTaxExpenseBenefit" xlink:to="us-gaap_DeferredIncomeTaxExpenseBenefit" order="10020.00" priority="2" use="optional" weight="1.00" />
  </calculationLink>
  <roleRef roleURI="http://www.wavelifesciences.com/20171231/taxonomy/role/DisclosureIncomeTaxesReconciliationOfStatutoryIncomeTaxRateDetail" xlink:href="wve-20171231.xsd#Role_DisclosureIncomeTaxesReconciliationOfStatutoryIncomeTaxRateDetail" xlink:type="simple" />
  <calculationLink xlink:type="extended" xlink:role="http://www.wavelifesciences.com/20171231/taxonomy/role/DisclosureIncomeTaxesReconciliationOfStatutoryIncomeTaxRateDetail">
    <loc xlink:href="http://xbrl.fasb.org/us-gaap/2017/elts/us-gaap-2017-01-31.xsd#us-gaap_EffectiveIncomeTaxRateReconciliationChangeInDeferredTaxAssetsValuationAllowance" xlink:type="locator" xlink:label="us-gaap_EffectiveIncomeTaxRateReconciliationChangeInDeferredTaxAssetsValuationAllowance" />
    <loc xlink:href="http://xbrl.fasb.org/us-gaap/2017/elts/us-gaap-2017-01-31.xsd#us-gaap_EffectiveIncomeTaxRateReconciliationOtherAdjustments" xlink:type="locator" xlink:label="us-gaap_EffectiveIncomeTaxRateReconciliationOtherAdjustments" />
    <loc xlink:href="http://xbrl.fasb.org/us-gaap/2017/elts/us-gaap-2017-01-31.xsd#us-gaap_EffectiveIncomeTaxRateReconciliationChangeInEnactedTaxRate" xlink:type="locator" xlink:label="us-gaap_EffectiveIncomeTaxRateReconciliationChangeInEnactedTaxRate" />
    <loc xlink:href="http://xbrl.fasb.org/us-gaap/2017/elts/us-gaap-2017-01-31.xsd#us-gaap_EffectiveIncomeTaxRateReconciliationForeignIncomeTaxRateDifferential" xlink:type="locator" xlink:label="us-gaap_EffectiveIncomeTaxRateReconciliationForeignIncomeTaxRateDifferential" />
    <loc xlink:href="wve-20171231.xsd#wve_EffectiveIncomeTaxRateReconciliationChangeInReserveForUncertainTaxPositions" xlink:type="locator" xlink:label="wve_EffectiveIncomeTaxRateReconciliationChangeInReserveForUncertainTaxPositions" />
    <loc xlink:href="wve-20171231.xsd#wve_EffectiveIncomeTaxRateReconciliationPermanentDifferences" xlink:type="locator" xlink:label="wve_EffectiveIncomeTaxRateReconciliationPermanentDifferences" />
    <loc xlink:href="http://xbrl.fasb.org/us-gaap/2017/elts/us-gaap-2017-01-31.xsd#us-gaap_EffectiveIncomeTaxRateReconciliationTaxCredits" xlink:type="locator" xlink:label="us-gaap_EffectiveIncomeTaxRateReconciliationTaxCredits" />
    <loc xlink:href="http://xbrl.fasb.org/us-gaap/2017/elts/us-gaap-2017-01-31.xsd#us-gaap_EffectiveIncomeTaxRateReconciliationAtFederalStatutoryIncomeTaxRate" xlink:type="locator" xlink:label="us-gaap_EffectiveIncomeTaxRateReconciliationAtFederalStatutoryIncomeTaxRate" />
    <loc xlink:href="http://xbrl.fasb.org/us-gaap/2017/elts/us-gaap-2017-01-31.xsd#us-gaap_EffectiveIncomeTaxRateContinuingOperations" xlink:type="locator" xlink:label="us-gaap_EffectiveIncomeTaxRateContinuingOperations" />
    <calculationArc xlink:type="arc" xlink:arcrole="http://www.xbrl.org/2003/arcrole/summation-item" xlink:from="us-gaap_EffectiveIncomeTaxRateContinuingOperations" xlink:to="us-gaap_EffectiveIncomeTaxRateReconciliationAtFederalStatutoryIncomeTaxRate" order="10010.00" priority="2" use="optional" weight="1.00" />
    <calculationArc xlink:type="arc" xlink:arcrole="http://www.xbrl.org/2003/arcrole/summation-item" xlink:from="us-gaap_EffectiveIncomeTaxRateContinuingOperations" xlink:to="us-gaap_EffectiveIncomeTaxRateReconciliationTaxCredits" order="10020.00" priority="2" use="optional" weight="-1.00" />
    <calculationArc xlink:type="arc" xlink:arcrole="http://www.xbrl.org/2003/arcrole/summation-item" xlink:from="us-gaap_EffectiveIncomeTaxRateContinuingOperations" xlink:to="wve_EffectiveIncomeTaxRateReconciliationPermanentDifferences" order="10030.00" priority="2" use="optional" weight="1.00" />
    <calculationArc xlink:type="arc" xlink:arcrole="http://www.xbrl.org/2003/arcrole/summation-item" xlink:from="us-gaap_EffectiveIncomeTaxRateContinuingOperations" xlink:to="wve_EffectiveIncomeTaxRateReconciliationChangeInReserveForUncertainTaxPositions" order="10040.00" priority="2" use="optional" weight="1.00" />
    <calculationArc xlink:type="arc" xlink:arcrole="http://www.xbrl.org/2003/arcrole/summation-item" xlink:from="us-gaap_EffectiveIncomeTaxRateContinuingOperations" xlink:to="us-gaap_EffectiveIncomeTaxRateReconciliationForeignIncomeTaxRateDifferential" order="10050.00" priority="2" use="optional" weight="1.00" />
    <calculationArc xlink:type="arc" xlink:arcrole="http://www.xbrl.org/2003/arcrole/summation-item" xlink:from="us-gaap_EffectiveIncomeTaxRateContinuingOperations" xlink:to="us-gaap_EffectiveIncomeTaxRateReconciliationChangeInEnactedTaxRate" order="10060.00" priority="2" use="optional" weight="1.00" />
    <calculationArc xlink:type="arc" xlink:arcrole="http://www.xbrl.org/2003/arcrole/summation-item" xlink:from="us-gaap_EffectiveIncomeTaxRateContinuingOperations" xlink:to="us-gaap_EffectiveIncomeTaxRateReconciliationOtherAdjustments" order="10070.00" priority="2" use="optional" weight="1.00" />
    <calculationArc xlink:type="arc" xlink:arcrole="http://www.xbrl.org/2003/arcrole/summation-item" xlink:from="us-gaap_EffectiveIncomeTaxRateContinuingOperations" xlink:to="us-gaap_EffectiveIncomeTaxRateReconciliationChangeInDeferredTaxAssetsValuationAllowance" order="10080.00" priority="2" use="optional" weight="1.00" />
  </calculationLink>
  <roleRef roleURI="http://www.wavelifesciences.com/20171231/taxonomy/role/DisclosureIncomeTaxesComponentsOfDeferredTaxAssetsDetail" xlink:href="wve-20171231.xsd#Role_DisclosureIncomeTaxesComponentsOfDeferredTaxAssetsDetail" xlink:type="simple" />
  <calculationLink xlink:type="extended" xlink:role="http://www.wavelifesciences.com/20171231/taxonomy/role/DisclosureIncomeTaxesComponentsOfDeferredTaxAssetsDetail">
    <loc xlink:href="http://xbrl.fasb.org/us-gaap/2017/elts/us-gaap-2017-01-31.xsd#us-gaap_DeferredTaxAssetsOther" xlink:type="locator" xlink:label="us-gaap_DeferredTaxAssetsOther" />
    <loc xlink:href="http://xbrl.fasb.org/us-gaap/2017/elts/us-gaap-2017-01-31.xsd#us-gaap_DeferredTaxAssetsTaxDeferredExpenseCompensationAndBenefitsShareBasedCompensationCost" xlink:type="locator" xlink:label="us-gaap_DeferredTaxAssetsTaxDeferredExpenseCompensationAndBenefitsShareBasedCompensationCost" />
    <loc xlink:href="http://xbrl.fasb.org/us-gaap/2017/elts/us-gaap-2017-01-31.xsd#us-gaap_DeferredTaxAssetsTaxDeferredExpenseReservesAndAccrualsAccruedLiabilities" xlink:type="locator" xlink:label="us-gaap_DeferredTaxAssetsTaxDeferredExpenseReservesAndAccrualsAccruedLiabilities" />
    <loc xlink:href="http://xbrl.fasb.org/us-gaap/2017/elts/us-gaap-2017-01-31.xsd#us-gaap_DeferredTaxAssetsTaxCreditCarryforwards" xlink:type="locator" xlink:label="us-gaap_DeferredTaxAssetsTaxCreditCarryforwards" />
    <loc xlink:href="http://xbrl.fasb.org/us-gaap/2017/elts/us-gaap-2017-01-31.xsd#us-gaap_DeferredTaxAssetsOperatingLossCarryforwards" xlink:type="locator" xlink:label="us-gaap_DeferredTaxAssetsOperatingLossCarryforwards" />
    <loc xlink:href="http://xbrl.fasb.org/us-gaap/2017/elts/us-gaap-2017-01-31.xsd#us-gaap_DeferredTaxAssetsValuationAllowance" xlink:type="locator" xlink:label="us-gaap_DeferredTaxAssetsValuationAllowance" />
    <loc xlink:href="http://xbrl.fasb.org/us-gaap/2017/elts/us-gaap-2017-01-31.xsd#us-gaap_DeferredTaxAssetsGross" xlink:type="locator" xlink:label="us-gaap_DeferredTaxAssetsGross" />
    <loc xlink:href="http://xbrl.fasb.org/us-gaap/2017/elts/us-gaap-2017-01-31.xsd#us-gaap_DeferredIncomeTaxLiabilities" xlink:type="locator" xlink:label="us-gaap_DeferredIncomeTaxLiabilities" />
    <loc xlink:href="http://xbrl.fasb.org/us-gaap/2017/elts/us-gaap-2017-01-31.xsd#us-gaap_DeferredTaxAssetsNet" xlink:type="locator" xlink:label="us-gaap_DeferredTaxAssetsNet" />
    <loc xlink:href="http://xbrl.fasb.org/us-gaap/2017/elts/us-gaap-2017-01-31.xsd#us-gaap_DeferredTaxAssetsLiabilitiesNet" xlink:type="locator" xlink:label="us-gaap_DeferredTaxAssetsLiabilitiesNet" />
    <calculationArc xlink:type="arc" xlink:arcrole="http://www.xbrl.org/2003/arcrole/summation-item" xlink:from="us-gaap_DeferredTaxAssetsLiabilitiesNet" xlink:to="us-gaap_DeferredTaxAssetsNet" order="10010.00" priority="2" use="optional" weight="1.00" />
    <calculationArc xlink:type="arc" xlink:arcrole="http://www.xbrl.org/2003/arcrole/summation-item" xlink:from="us-gaap_DeferredTaxAssetsLiabilitiesNet" xlink:to="us-gaap_DeferredIncomeTaxLiabilities" order="10020.00" priority="2" use="optional" weight="-1.00" />
    <calculationArc xlink:type="arc" xlink:arcrole="http://www.xbrl.org/2003/arcrole/summation-item" xlink:from="us-gaap_DeferredTaxAssetsNet" xlink:to="us-gaap_DeferredTaxAssetsGross" order="10030.00" priority="2" use="optional" weight="1.00" />
    <calculationArc xlink:type="arc" xlink:arcrole="http://www.xbrl.org/2003/arcrole/summation-item" xlink:from="us-gaap_DeferredTaxAssetsNet" xlink:to="us-gaap_DeferredTaxAssetsValuationAllowance" order="10040.00" priority="2" use="optional" weight="-1.00" />
    <calculationArc xlink:type="arc" xlink:arcrole="http://www.xbrl.org/2003/arcrole/summation-item" xlink:from="us-gaap_DeferredTaxAssetsGross" xlink:to="us-gaap_DeferredTaxAssetsOperatingLossCarryforwards" order="10050.00" priority="2" use="optional" weight="1.00" />
    <calculationArc xlink:type="arc" xlink:arcrole="http://www.xbrl.org/2003/arcrole/summation-item" xlink:from="us-gaap_DeferredTaxAssetsGross" xlink:to="us-gaap_DeferredTaxAssetsTaxCreditCarryforwards" order="10060.00" priority="2" use="optional" weight="1.00" />
    <calculationArc xlink:type="arc" xlink:arcrole="http://www.xbrl.org/2003/arcrole/summation-item" xlink:from="us-gaap_DeferredTaxAssetsGross" xlink:to="us-gaap_DeferredTaxAssetsTaxDeferredExpenseReservesAndAccrualsAccruedLiabilities" order="10070.00" priority="2" use="optional" weight="1.00" />
    <calculationArc xlink:type="arc" xlink:arcrole="http://www.xbrl.org/2003/arcrole/summation-item" xlink:from="us-gaap_DeferredTaxAssetsGross" xlink:to="us-gaap_DeferredTaxAssetsTaxDeferredExpenseCompensationAndBenefitsShareBasedCompensationCost" order="10080.00" priority="2" use="optional" weight="1.00" />
    <calculationArc xlink:type="arc" xlink:arcrole="http://www.xbrl.org/2003/arcrole/summation-item" xlink:from="us-gaap_DeferredTaxAssetsGross" xlink:to="us-gaap_DeferredTaxAssetsOther" order="10090.00" priority="2" use="optional" weight="1.00" />
  </calculationLink>
</linkbase>
