<?xml version="1.0" encoding="US-ASCII"?>
<!-- RR Donnelley Xcelerate Taxonomy Calculation Linkbase, based on XBRL 2.1  http://www.rrdonnelley.com/ -->
<!-- Version: 6.22.4 -->
<!-- Round: 6 -->
<!-- Creation date: 2016-03-30T17:11:19Z -->
<!-- Copyright (c) 2005-2013 R.R. Donnelley &amp; Sons Company All Rights Reserved. -->
<linkbase xmlns="http://www.xbrl.org/2003/linkbase"
  xmlns:xsi="http://www.w3.org/2001/XMLSchema-instance"
  xmlns:xlink="http://www.w3.org/1999/xlink"
  xsi:schemaLocation="http://www.xbrl.org/2003/linkbase http://www.xbrl.org/2003/xbrl-linkbase-2003-12-31.xsd">
  <roleRef xlink:type="simple" xlink:href="wve-20151231.xsd#DocumentandEntityInformation" roleURI="http://www.wavelifesciences.com/taxonomy/role/DocumentandEntityInformation"/>
  <roleRef xlink:type="simple" xlink:href="wve-20151231.xsd#Role_StatementOfFinancialPositionClassified" roleURI="http://www.wavelifesciences.com/taxonomy/role/StatementOfFinancialPositionClassified"/>
  <roleRef xlink:type="simple" xlink:href="wve-20151231.xsd#Role_StatementOfFinancialPositionClassifiedParen" roleURI="http://www.wavelifesciences.com/taxonomy/role/StatementOfFinancialPositionClassifiedParenthetical"/>
  <roleRef xlink:type="simple" xlink:href="wve-20151231.xsd#Role_StatementOfIncome" roleURI="http://www.wavelifesciences.com/taxonomy/role/StatementOfIncome"/>
  <roleRef xlink:type="simple" xlink:href="wve-20151231.xsd#Role_StatementOfOtherComprehensiveIncome" roleURI="http://www.wavelifesciences.com/taxonomy/role/StatementOfOtherComprehensiveIncome"/>
  <roleRef xlink:type="simple" xlink:href="wve-20151231.xsd#StatementConsolidatedStatementOfSeriesAPreferredSharesAndShareholdersDeficitEquity" roleURI="http://www.wavelifesciences.com/taxonomy/role/StatementConsolidatedStatementOfSeriesAPreferredSharesAndShareholdersDeficitEquity"/>
  <roleRef xlink:type="simple" xlink:href="wve-20151231.xsd#StatementConsolidatedStatementOfSeriesAPreferredSharesAndShareholdersDeficitEquityParenthetical" roleURI="http://www.wavelifesciences.com/taxonomy/role/StatementConsolidatedStatementOfSeriesAPreferredSharesAndShareholdersDeficitEquityParenthetical"/>
  <roleRef xlink:type="simple" xlink:href="wve-20151231.xsd#Role_StatementOfCashFlowsIndirect" roleURI="http://www.wavelifesciences.com/taxonomy/role/StatementOfCashFlowsIndirect"/>
  <roleRef xlink:type="simple" xlink:href="wve-20151231.xsd#DisclosureTheCompanyAdditionalInformation" roleURI="http://www.wavelifesciences.com/taxonomy/role/DisclosureTheCompanyAdditionalInformation"/>
  <roleRef xlink:type="simple" xlink:href="wve-20151231.xsd#DisclosureSignificantAccountingPoliciesAdditionalInformation" roleURI="http://www.wavelifesciences.com/taxonomy/role/DisclosureSignificantAccountingPoliciesAdditionalInformation"/>
  <roleRef xlink:type="simple" xlink:href="wve-20151231.xsd#DisclosureSignificantAccountingPoliciesScheduleOfEstimatedUsefulLivesOfAssets" roleURI="http://www.wavelifesciences.com/taxonomy/role/DisclosureSignificantAccountingPoliciesScheduleOfEstimatedUsefulLivesOfAssets"/>
  <roleRef xlink:type="simple" xlink:href="wve-20151231.xsd#DisclosurePropertyAndEquipmentScheduleOfPropertyAndEquipmentNet" roleURI="http://www.wavelifesciences.com/taxonomy/role/DisclosurePropertyAndEquipmentScheduleOfPropertyAndEquipmentNet"/>
  <roleRef xlink:type="simple" xlink:href="wve-20151231.xsd#DisclosurePropertyAndEquipmentAdditionalInformation" roleURI="http://www.wavelifesciences.com/taxonomy/role/DisclosurePropertyAndEquipmentAdditionalInformation"/>
  <roleRef xlink:type="simple" xlink:href="wve-20151231.xsd#DisclosureAccruedExpensesSummaryOfAccruedExpensesAndOtherCurrentLiabilities" roleURI="http://www.wavelifesciences.com/taxonomy/role/DisclosureAccruedExpensesSummaryOfAccruedExpensesAndOtherCurrentLiabilities"/>
  <roleRef xlink:type="simple" xlink:href="wve-20151231.xsd#DisclosureRelatedPartyNotesPayableAdditionalInformation" roleURI="http://www.wavelifesciences.com/taxonomy/role/DisclosureRelatedPartyNotesPayableAdditionalInformation"/>
  <roleRef xlink:type="simple" xlink:href="wve-20151231.xsd#DisclosureShareCapitalOrdinarySharesAdditionalInformation" roleURI="http://www.wavelifesciences.com/taxonomy/role/DisclosureShareCapitalOrdinarySharesAdditionalInformation"/>
  <roleRef xlink:type="simple" xlink:href="wve-20151231.xsd#DisclosureShareCapitalSeriesAPreferredSharesAdditionalInformation" roleURI="http://www.wavelifesciences.com/taxonomy/role/DisclosureShareCapitalSeriesAPreferredSharesAdditionalInformation"/>
  <roleRef xlink:type="simple" xlink:href="wve-20151231.xsd#DisclosureShareCapitalSeriesBPreferredSharesAdditionalInformation" roleURI="http://www.wavelifesciences.com/taxonomy/role/DisclosureShareCapitalSeriesBPreferredSharesAdditionalInformation"/>
  <roleRef xlink:type="simple" xlink:href="wve-20151231.xsd#DisclosureShareBasedCompensationAdditionalInformation" roleURI="http://www.wavelifesciences.com/taxonomy/role/DisclosureShareBasedCompensationAdditionalInformation"/>
  <roleRef xlink:type="simple" xlink:href="wve-20151231.xsd#DisclosureShareBasedCompensationSummaryOfShareOptionActivity" roleURI="http://www.wavelifesciences.com/taxonomy/role/DisclosureShareBasedCompensationSummaryOfShareOptionActivity"/>
  <roleRef xlink:type="simple" xlink:href="wve-20151231.xsd#DisclosureShareBasedCompensationSummaryOfShareOptionActivityParenthetical" roleURI="http://www.wavelifesciences.com/taxonomy/role/DisclosureShareBasedCompensationSummaryOfShareOptionActivityParenthetical"/>
  <roleRef xlink:type="simple" xlink:href="wve-20151231.xsd#DisclosureShareBasedCompensationSummaryOfFairValueOfShareOptionsGrantedToEmployees" roleURI="http://www.wavelifesciences.com/taxonomy/role/DisclosureShareBasedCompensationSummaryOfFairValueOfShareOptionsGrantedToEmployees"/>
  <roleRef xlink:type="simple" xlink:href="wve-20151231.xsd#DisclosureShareBasedCompensationSummaryOfFairValueOfShareOptionsGrantedToNonEmployees" roleURI="http://www.wavelifesciences.com/taxonomy/role/DisclosureShareBasedCompensationSummaryOfFairValueOfShareOptionsGrantedToNonEmployees"/>
  <roleRef xlink:type="simple" xlink:href="wve-20151231.xsd#DisclosureShareBasedCompensationSummaryOfSharebasedCompensationExpenseClassifiedInConsolidatedStatementsOfOperations" roleURI="http://www.wavelifesciences.com/taxonomy/role/DisclosureShareBasedCompensationSummaryOfSharebasedCompensationExpenseClassifiedInConsolidatedStatementsOfOperations"/>
  <roleRef xlink:type="simple" xlink:href="wve-20151231.xsd#DisclosureLeaseArrangementsAdditionalInformation" roleURI="http://www.wavelifesciences.com/taxonomy/role/DisclosureLeaseArrangementsAdditionalInformation"/>
  <roleRef xlink:type="simple" xlink:href="wve-20151231.xsd#DisclosureLeaseArrangementsFutureMinimumLeasePaymentsUnderOperatingLeases" roleURI="http://www.wavelifesciences.com/taxonomy/role/DisclosureLeaseArrangementsFutureMinimumLeasePaymentsUnderOperatingLeases"/>
  <roleRef xlink:type="simple" xlink:href="wve-20151231.xsd#DisclosureCommitmentsAndContingenciesAdditionalInformation" roleURI="http://www.wavelifesciences.com/taxonomy/role/DisclosureCommitmentsAndContingenciesAdditionalInformation"/>
  <roleRef xlink:type="simple" xlink:href="wve-20151231.xsd#DisclosureNetLossPerOrdinaryShareSummaryOfBasicAndDilutedNetLossPerOrdinaryShare" roleURI="http://www.wavelifesciences.com/taxonomy/role/DisclosureNetLossPerOrdinaryShareSummaryOfBasicAndDilutedNetLossPerOrdinaryShare"/>
  <roleRef xlink:type="simple" xlink:href="wve-20151231.xsd#DisclosureNetLossPerOrdinaryShareAntiDilutiveSharesExcludedFromCalculationOfDilutedNetLossPerOrdinaryShare" roleURI="http://www.wavelifesciences.com/taxonomy/role/DisclosureNetLossPerOrdinaryShareAntiDilutiveSharesExcludedFromCalculationOfDilutedNetLossPerOrdinaryShare"/>
  <roleRef xlink:type="simple" xlink:href="wve-20151231.xsd#DisclosureIncomeTaxesComponentsOfLossBeforeIncomeTaxes" roleURI="http://www.wavelifesciences.com/taxonomy/role/DisclosureIncomeTaxesComponentsOfLossBeforeIncomeTaxes"/>
  <roleRef xlink:type="simple" xlink:href="wve-20151231.xsd#DisclosureIncomeTaxesAdditionalInformation" roleURI="http://www.wavelifesciences.com/taxonomy/role/DisclosureIncomeTaxesAdditionalInformation"/>
  <roleRef xlink:type="simple" xlink:href="wve-20151231.xsd#DisclosureIncomeTaxesDeferredComponentsOfBenefitProvisionForIncomeTaxes" roleURI="http://www.wavelifesciences.com/taxonomy/role/DisclosureIncomeTaxesDeferredComponentsOfBenefitProvisionForIncomeTaxes"/>
  <roleRef xlink:type="simple" xlink:href="wve-20151231.xsd#DisclosureIncomeTaxesReconciliationOfStatutoryIncomeTaxRate" roleURI="http://www.wavelifesciences.com/taxonomy/role/DisclosureIncomeTaxesReconciliationOfStatutoryIncomeTaxRate"/>
  <roleRef xlink:type="simple" xlink:href="wve-20151231.xsd#DisclosureIncomeTaxesComponentsOfDeferredTaxAssets" roleURI="http://www.wavelifesciences.com/taxonomy/role/DisclosureIncomeTaxesComponentsOfDeferredTaxAssets"/>
  <roleRef xlink:type="simple" xlink:href="wve-20151231.xsd#DisclosureIncomeTaxesSummaryOfValuationAllowance" roleURI="http://www.wavelifesciences.com/taxonomy/role/DisclosureIncomeTaxesSummaryOfValuationAllowance"/>
  <roleRef xlink:type="simple" xlink:href="wve-20151231.xsd#DisclosureIncomeTaxesSummaryOfActivityInUnrecognizedTaxBenefits" roleURI="http://www.wavelifesciences.com/taxonomy/role/DisclosureIncomeTaxesSummaryOfActivityInUnrecognizedTaxBenefits"/>
  <roleRef xlink:type="simple" xlink:href="wve-20151231.xsd#DisclosureEmployeeBenefitPlansAdditionalInformation" roleURI="http://www.wavelifesciences.com/taxonomy/role/DisclosureEmployeeBenefitPlansAdditionalInformation"/>
  <roleRef xlink:type="simple" xlink:href="wve-20151231.xsd#DisclosureRelatedPartiesAdditionalInformation" roleURI="http://www.wavelifesciences.com/taxonomy/role/DisclosureRelatedPartiesAdditionalInformation"/>
  <roleRef xlink:type="simple" xlink:href="wve-20151231.xsd#DisclosureGeographicDataSummaryOfLongLivedAssetsByGeographicalAreas" roleURI="http://www.wavelifesciences.com/taxonomy/role/DisclosureGeographicDataSummaryOfLongLivedAssetsByGeographicalAreas"/>
  <roleRef xlink:type="simple" xlink:href="wve-20151231.xsd#DisclosureSelectedQuarterlyFinancialInformationUnauditedSummaryOfSelectedQuarterlyResultsFromOperations" roleURI="http://www.wavelifesciences.com/taxonomy/role/DisclosureSelectedQuarterlyFinancialInformationUnauditedSummaryOfSelectedQuarterlyResultsFromOperations"/>
  <roleRef xlink:type="simple" xlink:href="wve-20151231.xsd#Role_NotesToFinancialStatementsOrganizationConsolidationAndPresentationOfFinancialStatementsDisclosureTextBlock" roleURI="http://www.wavelifesciences.com/taxonomy/role/NotesToFinancialStatementsOrganizationConsolidationAndPresentationOfFinancialStatementsDisclosureTextBlock"/>
  <roleRef xlink:type="simple" xlink:href="wve-20151231.xsd#Role_NotesToFinancialStatementsSignificantAccountingPoliciesTextBlock" roleURI="http://www.wavelifesciences.com/taxonomy/role/NotesToFinancialStatementsSignificantAccountingPoliciesTextBlock"/>
  <roleRef xlink:type="simple" xlink:href="wve-20151231.xsd#Role_NotesToFinancialStatementsSignificantAccountingPoliciesTextBlockPolicies" roleURI="http://www.wavelifesciences.com/taxonomy/role/NotesToFinancialStatementsSignificantAccountingPoliciesTextBlockPolicies"/>
  <roleRef xlink:type="simple" xlink:href="wve-20151231.xsd#Role_NotesToFinancialStatementsSignificantAccountingPoliciesTextBlockTables" roleURI="http://www.wavelifesciences.com/taxonomy/role/NotesToFinancialStatementsSignificantAccountingPoliciesTextBlockTables"/>
  <roleRef xlink:type="simple" xlink:href="wve-20151231.xsd#Role_NotesToFinancialStatementsPropertyPlantAndEquipmentDisclosureTextBlock" roleURI="http://www.wavelifesciences.com/taxonomy/role/NotesToFinancialStatementsPropertyPlantAndEquipmentDisclosureTextBlock"/>
  <roleRef xlink:type="simple" xlink:href="wve-20151231.xsd#Role_NotesToFinancialStatementsPropertyPlantAndEquipmentDisclosureTextBlockTables" roleURI="http://www.wavelifesciences.com/taxonomy/role/NotesToFinancialStatementsPropertyPlantAndEquipmentDisclosureTextBlockTables"/>
  <roleRef xlink:type="simple" xlink:href="wve-20151231.xsd#Role_NotesToFinancialStatementsAccountsPayableAndAccruedLiabilitiesDisclosureTextBlock" roleURI="http://www.wavelifesciences.com/taxonomy/role/NotesToFinancialStatementsAccountsPayableAndAccruedLiabilitiesDisclosureTextBlock"/>
  <roleRef xlink:type="simple" xlink:href="wve-20151231.xsd#Role_NotesToFinancialStatementsAccountsPayableAndAccruedLiabilitiesDisclosureTextBlockTables" roleURI="http://www.wavelifesciences.com/taxonomy/role/NotesToFinancialStatementsAccountsPayableAndAccruedLiabilitiesDisclosureTextBlockTables"/>
  <roleRef xlink:type="simple" xlink:href="wve-20151231.xsd#Role_NotesToFinancialStatementsNotesPayableRelatedPartyTextBlock" roleURI="http://www.wavelifesciences.com/taxonomy/role/NotesToFinancialStatementsNotesPayableRelatedPartyTextBlock"/>
  <roleRef xlink:type="simple" xlink:href="wve-20151231.xsd#Role_NotesToFinancialStatementsStockholdersEquityNoteDisclosureTextBlock" roleURI="http://www.wavelifesciences.com/taxonomy/role/NotesToFinancialStatementsStockholdersEquityNoteDisclosureTextBlock"/>
  <roleRef xlink:type="simple" xlink:href="wve-20151231.xsd#Role_NotesToFinancialStatementsDisclosureOfCompensationRelatedCostsShareBasedPaymentsTextBlock" roleURI="http://www.wavelifesciences.com/taxonomy/role/NotesToFinancialStatementsDisclosureOfCompensationRelatedCostsShareBasedPaymentsTextBlock"/>
  <roleRef xlink:type="simple" xlink:href="wve-20151231.xsd#Role_NotesToFinancialStatementsDisclosureOfCompensationRelatedCostsShareBasedPaymentsTextBlockTables" roleURI="http://www.wavelifesciences.com/taxonomy/role/NotesToFinancialStatementsDisclosureOfCompensationRelatedCostsShareBasedPaymentsTextBlockTables"/>
  <roleRef xlink:type="simple" xlink:href="wve-20151231.xsd#Role_NotesToFinancialStatementsLeasesOfLessorDisclosureTextBlock" roleURI="http://www.wavelifesciences.com/taxonomy/role/NotesToFinancialStatementsLeasesOfLessorDisclosureTextBlock"/>
  <roleRef xlink:type="simple" xlink:href="wve-20151231.xsd#Role_NotesToFinancialStatementsLeasesOfLessorDisclosureTextBlockTables" roleURI="http://www.wavelifesciences.com/taxonomy/role/NotesToFinancialStatementsLeasesOfLessorDisclosureTextBlockTables"/>
  <roleRef xlink:type="simple" xlink:href="wve-20151231.xsd#Role_NotesToFinancialStatementsCommitmentsAndContingenciesDisclosureTextBlock" roleURI="http://www.wavelifesciences.com/taxonomy/role/NotesToFinancialStatementsCommitmentsAndContingenciesDisclosureTextBlock"/>
  <roleRef xlink:type="simple" xlink:href="wve-20151231.xsd#Role_NotesToFinancialStatementsEarningsPerShareTextBlock" roleURI="http://www.wavelifesciences.com/taxonomy/role/NotesToFinancialStatementsEarningsPerShareTextBlock"/>
  <roleRef xlink:type="simple" xlink:href="wve-20151231.xsd#Role_NotesToFinancialStatementsEarningsPerShareTextBlockTables" roleURI="http://www.wavelifesciences.com/taxonomy/role/NotesToFinancialStatementsEarningsPerShareTextBlockTables"/>
  <roleRef xlink:type="simple" xlink:href="wve-20151231.xsd#Role_NotesToFinancialStatementsIncomeTaxDisclosureTextBlock" roleURI="http://www.wavelifesciences.com/taxonomy/role/NotesToFinancialStatementsIncomeTaxDisclosureTextBlock"/>
  <roleRef xlink:type="simple" xlink:href="wve-20151231.xsd#Role_NotesToFinancialStatementsIncomeTaxDisclosureTextBlockTables" roleURI="http://www.wavelifesciences.com/taxonomy/role/NotesToFinancialStatementsIncomeTaxDisclosureTextBlockTables"/>
  <roleRef xlink:type="simple" xlink:href="wve-20151231.xsd#Role_NotesToFinancialStatementsCompensationAndEmployeeBenefitPlansTextBlock" roleURI="http://www.wavelifesciences.com/taxonomy/role/NotesToFinancialStatementsCompensationAndEmployeeBenefitPlansTextBlock"/>
  <roleRef xlink:type="simple" xlink:href="wve-20151231.xsd#Role_NotesToFinancialStatementsRelatedPartyTransactionsDisclosureTextBlock" roleURI="http://www.wavelifesciences.com/taxonomy/role/NotesToFinancialStatementsRelatedPartyTransactionsDisclosureTextBlock"/>
  <roleRef xlink:type="simple" xlink:href="wve-20151231.xsd#Role_NotesToFinancialStatementsGeographicDataDisclosureTextBlock" roleURI="http://www.wavelifesciences.com/taxonomy/role/NotesToFinancialStatementsGeographicDataDisclosureTextBlock"/>
  <roleRef xlink:type="simple" xlink:href="wve-20151231.xsd#Role_NotesToFinancialStatementsGeographicDataDisclosureTextBlockTables" roleURI="http://www.wavelifesciences.com/taxonomy/role/NotesToFinancialStatementsGeographicDataDisclosureTextBlockTables"/>
  <roleRef xlink:type="simple" xlink:href="wve-20151231.xsd#Role_NotesToFinancialStatementsQuarterlyFinancialInformationTextBlock" roleURI="http://www.wavelifesciences.com/taxonomy/role/NotesToFinancialStatementsQuarterlyFinancialInformationTextBlock"/>
  <roleRef xlink:type="simple" xlink:href="wve-20151231.xsd#Role_NotesToFinancialStatementsQuarterlyFinancialInformationTextBlockTables" roleURI="http://www.wavelifesciences.com/taxonomy/role/NotesToFinancialStatementsQuarterlyFinancialInformationTextBlockTables"/>
  <calculationLink xlink:type="extended" xlink:role="http://www.wavelifesciences.com/taxonomy/role/DocumentandEntityInformation">
  </calculationLink>
  <calculationLink xlink:type="extended" xlink:role="http://www.wavelifesciences.com/taxonomy/role/StatementOfFinancialPositionClassified">
    <loc xlink:type="locator" xlink:href="http://xbrl.fasb.org/us-gaap/2015/elts/us-gaap-2015-01-31.xsd#us-gaap_AccountsPayableCurrent" xlink:label="us-gaap_AccountsPayableCurrent"/>
    <loc xlink:type="locator" xlink:href="http://xbrl.fasb.org/us-gaap/2015/elts/us-gaap-2015-01-31.xsd#us-gaap_AccountsReceivableNetCurrent" xlink:label="us-gaap_AccountsReceivableNetCurrent"/>
    <loc xlink:type="locator" xlink:href="http://xbrl.fasb.org/us-gaap/2015/elts/us-gaap-2015-01-31.xsd#us-gaap_AccruedLiabilitiesAndOtherLiabilities" xlink:label="us-gaap_AccruedLiabilitiesAndOtherLiabilities"/>
    <loc xlink:type="locator" xlink:href="http://xbrl.fasb.org/us-gaap/2015/elts/us-gaap-2015-01-31.xsd#us-gaap_AccumulatedOtherComprehensiveIncomeLossNetOfTax" xlink:label="us-gaap_AccumulatedOtherComprehensiveIncomeLossNetOfTax"/>
    <loc xlink:type="locator" xlink:href="http://xbrl.fasb.org/us-gaap/2015/elts/us-gaap-2015-01-31.xsd#us-gaap_AdditionalPaidInCapital" xlink:label="us-gaap_AdditionalPaidInCapital"/>
    <loc xlink:type="locator" xlink:href="http://xbrl.fasb.org/us-gaap/2015/elts/us-gaap-2015-01-31.xsd#us-gaap_Assets" xlink:label="us-gaap_Assets"/>
    <loc xlink:type="locator" xlink:href="http://xbrl.fasb.org/us-gaap/2015/elts/us-gaap-2015-01-31.xsd#us-gaap_AssetsCurrent" xlink:label="us-gaap_AssetsCurrent"/>
    <loc xlink:type="locator" xlink:href="http://xbrl.fasb.org/us-gaap/2015/elts/us-gaap-2015-01-31.xsd#us-gaap_CapitalLeaseObligationsCurrent" xlink:label="us-gaap_CapitalLeaseObligationsCurrent"/>
    <loc xlink:type="locator" xlink:href="http://xbrl.fasb.org/us-gaap/2015/elts/us-gaap-2015-01-31.xsd#us-gaap_CapitalLeaseObligationsNoncurrent" xlink:label="us-gaap_CapitalLeaseObligationsNoncurrent"/>
    <loc xlink:type="locator" xlink:href="http://xbrl.fasb.org/us-gaap/2015/elts/us-gaap-2015-01-31.xsd#us-gaap_CashAndCashEquivalentsAtCarryingValue" xlink:label="us-gaap_CashAndCashEquivalentsAtCarryingValue"/>
    <loc xlink:type="locator" xlink:href="http://xbrl.fasb.org/us-gaap/2015/elts/us-gaap-2015-01-31.xsd#us-gaap_CommonStockValue" xlink:label="us-gaap_CommonStockValue"/>
    <loc xlink:type="locator" xlink:href="http://xbrl.fasb.org/us-gaap/2015/elts/us-gaap-2015-01-31.xsd#us-gaap_DeferredOfferingCosts" xlink:label="us-gaap_DeferredOfferingCosts"/>
    <loc xlink:type="locator" xlink:href="http://xbrl.fasb.org/us-gaap/2015/elts/us-gaap-2015-01-31.xsd#us-gaap_DeferredRevenueCurrent" xlink:label="us-gaap_DeferredRevenueCurrent"/>
    <loc xlink:type="locator" xlink:href="http://xbrl.fasb.org/us-gaap/2015/elts/us-gaap-2015-01-31.xsd#us-gaap_DeferredTaxAssetsLiabilitiesNetCurrent" xlink:label="us-gaap_DeferredTaxAssetsLiabilitiesNetCurrent"/>
    <loc xlink:type="locator" xlink:href="http://xbrl.fasb.org/us-gaap/2015/elts/us-gaap-2015-01-31.xsd#us-gaap_DeferredTaxAssetsLiabilitiesNetNoncurrent" xlink:label="us-gaap_DeferredTaxAssetsLiabilitiesNetNoncurrent"/>
    <loc xlink:type="locator" xlink:href="http://xbrl.fasb.org/us-gaap/2015/elts/us-gaap-2015-01-31.xsd#us-gaap_Liabilities" xlink:label="us-gaap_Liabilities"/>
    <loc xlink:type="locator" xlink:href="http://xbrl.fasb.org/us-gaap/2015/elts/us-gaap-2015-01-31.xsd#us-gaap_LiabilitiesAndStockholdersEquity" xlink:label="us-gaap_LiabilitiesAndStockholdersEquity"/>
    <loc xlink:type="locator" xlink:href="http://xbrl.fasb.org/us-gaap/2015/elts/us-gaap-2015-01-31.xsd#us-gaap_LiabilitiesCurrent" xlink:label="us-gaap_LiabilitiesCurrent"/>
    <loc xlink:type="locator" xlink:href="http://xbrl.fasb.org/us-gaap/2015/elts/us-gaap-2015-01-31.xsd#us-gaap_LiabilitiesNoncurrent" xlink:label="us-gaap_LiabilitiesNoncurrent"/>
    <loc xlink:type="locator" xlink:href="http://xbrl.fasb.org/us-gaap/2015/elts/us-gaap-2015-01-31.xsd#us-gaap_OtherAssets" xlink:label="us-gaap_OtherAssets"/>
    <loc xlink:type="locator" xlink:href="http://xbrl.fasb.org/us-gaap/2015/elts/us-gaap-2015-01-31.xsd#us-gaap_OtherLiabilitiesNoncurrent" xlink:label="us-gaap_OtherLiabilitiesNoncurrent"/>
    <loc xlink:type="locator" xlink:href="http://xbrl.fasb.org/us-gaap/2015/elts/us-gaap-2015-01-31.xsd#us-gaap_PreferredStockValue" xlink:label="us-gaap_PreferredStockValue"/>
    <loc xlink:type="locator" xlink:href="http://xbrl.fasb.org/us-gaap/2015/elts/us-gaap-2015-01-31.xsd#us-gaap_PrepaidExpenseAndOtherAssetsCurrent" xlink:label="us-gaap_PrepaidExpenseAndOtherAssetsCurrent"/>
    <loc xlink:type="locator" xlink:href="http://xbrl.fasb.org/us-gaap/2015/elts/us-gaap-2015-01-31.xsd#us-gaap_PropertyPlantAndEquipmentNet" xlink:label="us-gaap_PropertyPlantAndEquipmentNet"/>
    <loc xlink:type="locator" xlink:href="http://xbrl.fasb.org/us-gaap/2015/elts/us-gaap-2015-01-31.xsd#us-gaap_RestrictedCashAndCashEquivalentsNoncurrent" xlink:label="us-gaap_RestrictedCashAndCashEquivalentsNoncurrent"/>
    <loc xlink:type="locator" xlink:href="http://xbrl.fasb.org/us-gaap/2015/elts/us-gaap-2015-01-31.xsd#us-gaap_RetainedEarningsAccumulatedDeficit" xlink:label="us-gaap_RetainedEarningsAccumulatedDeficit"/>
    <loc xlink:type="locator" xlink:href="http://xbrl.fasb.org/us-gaap/2015/elts/us-gaap-2015-01-31.xsd#us-gaap_StockholdersEquity" xlink:label="us-gaap_StockholdersEquity"/>
    <loc xlink:type="locator" xlink:href="http://xbrl.fasb.org/us-gaap/2015/elts/us-gaap-2015-01-31.xsd#us-gaap_TemporaryEquityCarryingAmountAttributableToParent" xlink:label="us-gaap_TemporaryEquityCarryingAmountAttributableToParent"/>
    <calculationArc xlink:type="arc" xlink:arcrole="http://www.xbrl.org/2003/arcrole/summation-item" xlink:from="us-gaap_Assets" xlink:to="us-gaap_AssetsCurrent" order="1.0600" weight="1.00" priority="2" use="optional"/>
    <calculationArc xlink:type="arc" xlink:arcrole="http://www.xbrl.org/2003/arcrole/summation-item" xlink:from="us-gaap_Assets" xlink:to="us-gaap_PropertyPlantAndEquipmentNet" order="1.0700" weight="1.00" priority="2" use="optional"/>
    <calculationArc xlink:type="arc" xlink:arcrole="http://www.xbrl.org/2003/arcrole/summation-item" xlink:from="us-gaap_Assets" xlink:to="us-gaap_DeferredTaxAssetsLiabilitiesNetNoncurrent" order="1.0800" weight="1.00" priority="2" use="optional"/>
    <calculationArc xlink:type="arc" xlink:arcrole="http://www.xbrl.org/2003/arcrole/summation-item" xlink:from="us-gaap_Assets" xlink:to="us-gaap_RestrictedCashAndCashEquivalentsNoncurrent" order="1.0900" weight="1.00" priority="2" use="optional"/>
    <calculationArc xlink:type="arc" xlink:arcrole="http://www.xbrl.org/2003/arcrole/summation-item" xlink:from="us-gaap_Assets" xlink:to="us-gaap_OtherAssets" order="1.1000" weight="1.00" priority="2" use="optional"/>
    <calculationArc xlink:type="arc" xlink:arcrole="http://www.xbrl.org/2003/arcrole/summation-item" xlink:from="us-gaap_AssetsCurrent" xlink:to="us-gaap_CashAndCashEquivalentsAtCarryingValue" order="1.0100" weight="1.00" priority="2" use="optional"/>
    <calculationArc xlink:type="arc" xlink:arcrole="http://www.xbrl.org/2003/arcrole/summation-item" xlink:from="us-gaap_AssetsCurrent" xlink:to="us-gaap_AccountsReceivableNetCurrent" order="1.0200" weight="1.00" priority="2" use="optional"/>
    <calculationArc xlink:type="arc" xlink:arcrole="http://www.xbrl.org/2003/arcrole/summation-item" xlink:from="us-gaap_AssetsCurrent" xlink:to="us-gaap_PrepaidExpenseAndOtherAssetsCurrent" order="1.0300" weight="1.00" priority="2" use="optional"/>
    <calculationArc xlink:type="arc" xlink:arcrole="http://www.xbrl.org/2003/arcrole/summation-item" xlink:from="us-gaap_AssetsCurrent" xlink:to="us-gaap_DeferredTaxAssetsLiabilitiesNetCurrent" order="1.0400" weight="1.00" priority="2" use="optional"/>
    <calculationArc xlink:type="arc" xlink:arcrole="http://www.xbrl.org/2003/arcrole/summation-item" xlink:from="us-gaap_AssetsCurrent" xlink:to="us-gaap_DeferredOfferingCosts" order="1.0500" weight="1.00" priority="2" use="optional"/>
    <calculationArc xlink:type="arc" xlink:arcrole="http://www.xbrl.org/2003/arcrole/summation-item" xlink:from="us-gaap_Liabilities" xlink:to="us-gaap_LiabilitiesCurrent" order="1.1500" weight="1.00" priority="2" use="optional"/>
    <calculationArc xlink:type="arc" xlink:arcrole="http://www.xbrl.org/2003/arcrole/summation-item" xlink:from="us-gaap_Liabilities" xlink:to="us-gaap_LiabilitiesNoncurrent" order="1.1800" weight="1.00" priority="2" use="optional"/>
    <calculationArc xlink:type="arc" xlink:arcrole="http://www.xbrl.org/2003/arcrole/summation-item" xlink:from="us-gaap_LiabilitiesAndStockholdersEquity" xlink:to="us-gaap_Liabilities" order="1.1900" weight="1.00" priority="2" use="optional"/>
    <calculationArc xlink:type="arc" xlink:arcrole="http://www.xbrl.org/2003/arcrole/summation-item" xlink:from="us-gaap_LiabilitiesAndStockholdersEquity" xlink:to="us-gaap_StockholdersEquity" order="1.2500" weight="1.00" priority="2" use="optional"/>
    <calculationArc xlink:type="arc" xlink:arcrole="http://www.xbrl.org/2003/arcrole/summation-item" xlink:from="us-gaap_LiabilitiesAndStockholdersEquity" xlink:to="us-gaap_TemporaryEquityCarryingAmountAttributableToParent" order="1.2600" weight="1.00" priority="2" use="optional"/>
    <calculationArc xlink:type="arc" xlink:arcrole="http://www.xbrl.org/2003/arcrole/summation-item" xlink:from="us-gaap_LiabilitiesCurrent" xlink:to="us-gaap_AccountsPayableCurrent" order="1.1100" weight="1.00" priority="2" use="optional"/>
    <calculationArc xlink:type="arc" xlink:arcrole="http://www.xbrl.org/2003/arcrole/summation-item" xlink:from="us-gaap_LiabilitiesCurrent" xlink:to="us-gaap_AccruedLiabilitiesAndOtherLiabilities" order="1.1200" weight="1.00" priority="2" use="optional"/>
    <calculationArc xlink:type="arc" xlink:arcrole="http://www.xbrl.org/2003/arcrole/summation-item" xlink:from="us-gaap_LiabilitiesCurrent" xlink:to="us-gaap_DeferredRevenueCurrent" order="1.1300" weight="1.00" priority="2" use="optional"/>
    <calculationArc xlink:type="arc" xlink:arcrole="http://www.xbrl.org/2003/arcrole/summation-item" xlink:from="us-gaap_LiabilitiesCurrent" xlink:to="us-gaap_CapitalLeaseObligationsCurrent" order="1.1400" weight="1.00" priority="2" use="optional"/>
    <calculationArc xlink:type="arc" xlink:arcrole="http://www.xbrl.org/2003/arcrole/summation-item" xlink:from="us-gaap_LiabilitiesNoncurrent" xlink:to="us-gaap_CapitalLeaseObligationsNoncurrent" order="1.1600" weight="1.00" priority="2" use="optional"/>
    <calculationArc xlink:type="arc" xlink:arcrole="http://www.xbrl.org/2003/arcrole/summation-item" xlink:from="us-gaap_LiabilitiesNoncurrent" xlink:to="us-gaap_OtherLiabilitiesNoncurrent" order="1.1700" weight="1.00" priority="2" use="optional"/>
    <calculationArc xlink:type="arc" xlink:arcrole="http://www.xbrl.org/2003/arcrole/summation-item" xlink:from="us-gaap_StockholdersEquity" xlink:to="us-gaap_PreferredStockValue" order="1.2000" weight="1.00" priority="2" use="optional"/>
    <calculationArc xlink:type="arc" xlink:arcrole="http://www.xbrl.org/2003/arcrole/summation-item" xlink:from="us-gaap_StockholdersEquity" xlink:to="us-gaap_CommonStockValue" order="1.2100" weight="1.00" priority="2" use="optional"/>
    <calculationArc xlink:type="arc" xlink:arcrole="http://www.xbrl.org/2003/arcrole/summation-item" xlink:from="us-gaap_StockholdersEquity" xlink:to="us-gaap_AdditionalPaidInCapital" order="1.2200" weight="1.00" priority="2" use="optional"/>
    <calculationArc xlink:type="arc" xlink:arcrole="http://www.xbrl.org/2003/arcrole/summation-item" xlink:from="us-gaap_StockholdersEquity" xlink:to="us-gaap_AccumulatedOtherComprehensiveIncomeLossNetOfTax" order="1.2300" weight="1.00" priority="2" use="optional"/>
    <calculationArc xlink:type="arc" xlink:arcrole="http://www.xbrl.org/2003/arcrole/summation-item" xlink:from="us-gaap_StockholdersEquity" xlink:to="us-gaap_RetainedEarningsAccumulatedDeficit" order="1.2400" weight="1.00" priority="2" use="optional"/>
  </calculationLink>
  <calculationLink xlink:type="extended" xlink:role="http://www.wavelifesciences.com/taxonomy/role/StatementOfFinancialPositionClassifiedParenthetical">
  </calculationLink>
  <calculationLink xlink:type="extended" xlink:role="http://www.wavelifesciences.com/taxonomy/role/StatementOfIncome">
    <loc xlink:type="locator" xlink:href="http://xbrl.fasb.org/us-gaap/2015/elts/us-gaap-2015-01-31.xsd#us-gaap_GeneralAndAdministrativeExpense" xlink:label="us-gaap_GeneralAndAdministrativeExpense"/>
    <loc xlink:type="locator" xlink:href="http://xbrl.fasb.org/us-gaap/2015/elts/us-gaap-2015-01-31.xsd#us-gaap_IncomeLossFromContinuingOperationsBeforeIncomeTaxesExtraordinaryItemsNoncontrollingInterest" xlink:label="us-gaap_IncomeLossFromContinuingOperationsBeforeIncomeTaxesExtraordinaryItemsNoncontrollingInterest"/>
    <loc xlink:type="locator" xlink:href="http://xbrl.fasb.org/us-gaap/2015/elts/us-gaap-2015-01-31.xsd#us-gaap_IncomeTaxExpenseBenefit" xlink:label="us-gaap_IncomeTaxExpenseBenefit"/>
    <loc xlink:type="locator" xlink:href="http://xbrl.fasb.org/us-gaap/2015/elts/us-gaap-2015-01-31.xsd#us-gaap_InterestIncomeExpenseNet" xlink:label="us-gaap_InterestIncomeExpenseNet"/>
    <loc xlink:type="locator" xlink:href="http://xbrl.fasb.org/us-gaap/2015/elts/us-gaap-2015-01-31.xsd#us-gaap_NetIncomeLoss" xlink:label="us-gaap_NetIncomeLoss"/>
    <loc xlink:type="locator" xlink:href="http://xbrl.fasb.org/us-gaap/2015/elts/us-gaap-2015-01-31.xsd#us-gaap_NonoperatingIncomeExpense" xlink:label="us-gaap_NonoperatingIncomeExpense"/>
    <loc xlink:type="locator" xlink:href="http://xbrl.fasb.org/us-gaap/2015/elts/us-gaap-2015-01-31.xsd#us-gaap_OperatingExpenses" xlink:label="us-gaap_OperatingExpenses"/>
    <loc xlink:type="locator" xlink:href="http://xbrl.fasb.org/us-gaap/2015/elts/us-gaap-2015-01-31.xsd#us-gaap_OperatingIncomeLoss" xlink:label="us-gaap_OperatingIncomeLoss"/>
    <loc xlink:type="locator" xlink:href="http://xbrl.fasb.org/us-gaap/2015/elts/us-gaap-2015-01-31.xsd#us-gaap_OtherNonoperatingIncomeExpense" xlink:label="us-gaap_OtherNonoperatingIncomeExpense"/>
    <loc xlink:type="locator" xlink:href="http://xbrl.fasb.org/us-gaap/2015/elts/us-gaap-2015-01-31.xsd#us-gaap_ResearchAndDevelopmentExpense" xlink:label="us-gaap_ResearchAndDevelopmentExpense"/>
    <loc xlink:type="locator" xlink:href="http://xbrl.fasb.org/us-gaap/2015/elts/us-gaap-2015-01-31.xsd#us-gaap_Revenues" xlink:label="us-gaap_Revenues"/>
    <calculationArc xlink:type="arc" xlink:arcrole="http://www.xbrl.org/2003/arcrole/summation-item" xlink:from="us-gaap_IncomeLossFromContinuingOperationsBeforeIncomeTaxesExtraordinaryItemsNoncontrollingInterest" xlink:to="us-gaap_OperatingIncomeLoss" order="1.0500" weight="1.00" priority="2" use="optional"/>
    <calculationArc xlink:type="arc" xlink:arcrole="http://www.xbrl.org/2003/arcrole/summation-item" xlink:from="us-gaap_IncomeLossFromContinuingOperationsBeforeIncomeTaxesExtraordinaryItemsNoncontrollingInterest" xlink:to="us-gaap_NonoperatingIncomeExpense" order="1.0800" weight="1.00" priority="2" use="optional"/>
    <calculationArc xlink:type="arc" xlink:arcrole="http://www.xbrl.org/2003/arcrole/summation-item" xlink:from="us-gaap_NetIncomeLoss" xlink:to="us-gaap_IncomeLossFromContinuingOperationsBeforeIncomeTaxesExtraordinaryItemsNoncontrollingInterest" order="1.0900" weight="1.00" priority="2" use="optional"/>
    <calculationArc xlink:type="arc" xlink:arcrole="http://www.xbrl.org/2003/arcrole/summation-item" xlink:from="us-gaap_NetIncomeLoss" xlink:to="us-gaap_IncomeTaxExpenseBenefit" order="1.1000" weight="-1.00" priority="2" use="optional"/>
    <calculationArc xlink:type="arc" xlink:arcrole="http://www.xbrl.org/2003/arcrole/summation-item" xlink:from="us-gaap_NonoperatingIncomeExpense" xlink:to="us-gaap_InterestIncomeExpenseNet" order="1.0600" weight="1.00" priority="2" use="optional"/>
    <calculationArc xlink:type="arc" xlink:arcrole="http://www.xbrl.org/2003/arcrole/summation-item" xlink:from="us-gaap_NonoperatingIncomeExpense" xlink:to="us-gaap_OtherNonoperatingIncomeExpense" order="1.0700" weight="1.00" priority="2" use="optional"/>
    <calculationArc xlink:type="arc" xlink:arcrole="http://www.xbrl.org/2003/arcrole/summation-item" xlink:from="us-gaap_OperatingExpenses" xlink:to="us-gaap_ResearchAndDevelopmentExpense" order="1.0200" weight="1.00" priority="2" use="optional"/>
    <calculationArc xlink:type="arc" xlink:arcrole="http://www.xbrl.org/2003/arcrole/summation-item" xlink:from="us-gaap_OperatingExpenses" xlink:to="us-gaap_GeneralAndAdministrativeExpense" order="1.0300" weight="1.00" priority="2" use="optional"/>
    <calculationArc xlink:type="arc" xlink:arcrole="http://www.xbrl.org/2003/arcrole/summation-item" xlink:from="us-gaap_OperatingIncomeLoss" xlink:to="us-gaap_Revenues" order="1.0100" weight="1.00" priority="2" use="optional"/>
    <calculationArc xlink:type="arc" xlink:arcrole="http://www.xbrl.org/2003/arcrole/summation-item" xlink:from="us-gaap_OperatingIncomeLoss" xlink:to="us-gaap_OperatingExpenses" order="1.0400" weight="-1.00" priority="2" use="optional"/>
  </calculationLink>
  <calculationLink xlink:type="extended" xlink:role="http://www.wavelifesciences.com/taxonomy/role/StatementOfOtherComprehensiveIncome">
    <loc xlink:type="locator" xlink:href="http://xbrl.fasb.org/us-gaap/2015/elts/us-gaap-2015-01-31.xsd#us-gaap_ComprehensiveIncomeNetOfTax" xlink:label="us-gaap_ComprehensiveIncomeNetOfTax"/>
    <loc xlink:type="locator" xlink:href="http://xbrl.fasb.org/us-gaap/2015/elts/us-gaap-2015-01-31.xsd#us-gaap_NetIncomeLoss" xlink:label="us-gaap_NetIncomeLoss"/>
    <loc xlink:type="locator" xlink:href="http://xbrl.fasb.org/us-gaap/2015/elts/us-gaap-2015-01-31.xsd#us-gaap_OtherComprehensiveIncomeLossForeignCurrencyTransactionAndTranslationAdjustmentNetOfTax" xlink:label="us-gaap_OtherComprehensiveIncomeLossForeignCurrencyTransactionAndTranslationAdjustmentNetOfTax"/>
    <calculationArc xlink:type="arc" xlink:arcrole="http://www.xbrl.org/2003/arcrole/summation-item" xlink:from="us-gaap_ComprehensiveIncomeNetOfTax" xlink:to="us-gaap_NetIncomeLoss" order="1.0100" weight="1.00" priority="2" use="optional"/>
    <calculationArc xlink:type="arc" xlink:arcrole="http://www.xbrl.org/2003/arcrole/summation-item" xlink:from="us-gaap_ComprehensiveIncomeNetOfTax" xlink:to="us-gaap_OtherComprehensiveIncomeLossForeignCurrencyTransactionAndTranslationAdjustmentNetOfTax" order="1.0200" weight="1.00" priority="2" use="optional"/>
  </calculationLink>
  <calculationLink xlink:type="extended" xlink:role="http://www.wavelifesciences.com/taxonomy/role/StatementConsolidatedStatementOfSeriesAPreferredSharesAndShareholdersDeficitEquity">
  </calculationLink>
  <calculationLink xlink:type="extended" xlink:role="http://www.wavelifesciences.com/taxonomy/role/StatementConsolidatedStatementOfSeriesAPreferredSharesAndShareholdersDeficitEquityParenthetical">
  </calculationLink>
  <calculationLink xlink:type="extended" xlink:role="http://www.wavelifesciences.com/taxonomy/role/StatementOfCashFlowsIndirect">
    <loc xlink:type="locator" xlink:href="http://xbrl.fasb.org/us-gaap/2015/elts/us-gaap-2015-01-31.xsd#us-gaap_CashAndCashEquivalentsPeriodIncreaseDecrease" xlink:label="us-gaap_CashAndCashEquivalentsPeriodIncreaseDecrease"/>
    <loc xlink:type="locator" xlink:href="http://xbrl.fasb.org/us-gaap/2015/elts/us-gaap-2015-01-31.xsd#us-gaap_DeferredIncomeTaxesAndTaxCredits" xlink:label="us-gaap_DeferredIncomeTaxesAndTaxCredits"/>
    <loc xlink:type="locator" xlink:href="http://xbrl.fasb.org/us-gaap/2015/elts/us-gaap-2015-01-31.xsd#us-gaap_DepreciationAndAmortization" xlink:label="us-gaap_DepreciationAndAmortization"/>
    <loc xlink:type="locator" xlink:href="http://xbrl.fasb.org/us-gaap/2015/elts/us-gaap-2015-01-31.xsd#us-gaap_EffectOfExchangeRateOnCashContinuingOperations" xlink:label="us-gaap_EffectOfExchangeRateOnCashContinuingOperations"/>
    <loc xlink:type="locator" xlink:href="http://xbrl.fasb.org/us-gaap/2015/elts/us-gaap-2015-01-31.xsd#us-gaap_GainLossOnSaleOfPropertyPlantEquipment" xlink:label="us-gaap_GainLossOnSaleOfPropertyPlantEquipment"/>
    <loc xlink:type="locator" xlink:href="http://xbrl.fasb.org/us-gaap/2015/elts/us-gaap-2015-01-31.xsd#us-gaap_IncreaseDecreaseInAccountsPayable" xlink:label="us-gaap_IncreaseDecreaseInAccountsPayable"/>
    <loc xlink:type="locator" xlink:href="http://xbrl.fasb.org/us-gaap/2015/elts/us-gaap-2015-01-31.xsd#us-gaap_IncreaseDecreaseInAccountsPayableAndAccruedLiabilities" xlink:label="us-gaap_IncreaseDecreaseInAccountsPayableAndAccruedLiabilities"/>
    <loc xlink:type="locator" xlink:href="http://xbrl.fasb.org/us-gaap/2015/elts/us-gaap-2015-01-31.xsd#us-gaap_IncreaseDecreaseInAccountsReceivable" xlink:label="us-gaap_IncreaseDecreaseInAccountsReceivable"/>
    <loc xlink:type="locator" xlink:href="http://xbrl.fasb.org/us-gaap/2015/elts/us-gaap-2015-01-31.xsd#us-gaap_IncreaseDecreaseInDeferredRevenue" xlink:label="us-gaap_IncreaseDecreaseInDeferredRevenue"/>
    <loc xlink:type="locator" xlink:href="http://xbrl.fasb.org/us-gaap/2015/elts/us-gaap-2015-01-31.xsd#us-gaap_IncreaseDecreaseInOtherNoncurrentLiabilities" xlink:label="us-gaap_IncreaseDecreaseInOtherNoncurrentLiabilities"/>
    <loc xlink:type="locator" xlink:href="http://xbrl.fasb.org/us-gaap/2015/elts/us-gaap-2015-01-31.xsd#us-gaap_IncreaseDecreaseInPrepaidDeferredExpenseAndOtherAssets" xlink:label="us-gaap_IncreaseDecreaseInPrepaidDeferredExpenseAndOtherAssets"/>
    <loc xlink:type="locator" xlink:href="http://xbrl.fasb.org/us-gaap/2015/elts/us-gaap-2015-01-31.xsd#us-gaap_IncreaseDecreaseInRestrictedCash" xlink:label="us-gaap_IncreaseDecreaseInRestrictedCash"/>
    <loc xlink:type="locator" xlink:href="http://xbrl.fasb.org/us-gaap/2015/elts/us-gaap-2015-01-31.xsd#us-gaap_NetCashProvidedByUsedInFinancingActivitiesContinuingOperations" xlink:label="us-gaap_NetCashProvidedByUsedInFinancingActivitiesContinuingOperations"/>
    <loc xlink:type="locator" xlink:href="http://xbrl.fasb.org/us-gaap/2015/elts/us-gaap-2015-01-31.xsd#us-gaap_NetCashProvidedByUsedInInvestingActivitiesContinuingOperations" xlink:label="us-gaap_NetCashProvidedByUsedInInvestingActivitiesContinuingOperations"/>
    <loc xlink:type="locator" xlink:href="http://xbrl.fasb.org/us-gaap/2015/elts/us-gaap-2015-01-31.xsd#us-gaap_NetCashProvidedByUsedInOperatingActivitiesContinuingOperations" xlink:label="us-gaap_NetCashProvidedByUsedInOperatingActivitiesContinuingOperations"/>
    <loc xlink:type="locator" xlink:href="http://xbrl.fasb.org/us-gaap/2015/elts/us-gaap-2015-01-31.xsd#us-gaap_NetIncomeLoss" xlink:label="us-gaap_NetIncomeLoss"/>
    <loc xlink:type="locator" xlink:href="http://xbrl.fasb.org/us-gaap/2015/elts/us-gaap-2015-01-31.xsd#us-gaap_PaymentsToAcquirePropertyPlantAndEquipment" xlink:label="us-gaap_PaymentsToAcquirePropertyPlantAndEquipment"/>
    <loc xlink:type="locator" xlink:href="wve-20151231.xsd#wve_ProceedsFromGovernmentGrant" xlink:label="wve_ProceedsFromGovernmentGrant"/>
    <loc xlink:type="locator" xlink:href="wve-20151231.xsd#wve_ProceedsFromGovernmentGrantReimbursementsForPropertyAndEquipment" xlink:label="wve_ProceedsFromGovernmentGrantReimbursementsForPropertyAndEquipment"/>
    <loc xlink:type="locator" xlink:href="http://xbrl.fasb.org/us-gaap/2015/elts/us-gaap-2015-01-31.xsd#us-gaap_ProceedsFromIssuanceInitialPublicOffering" xlink:label="us-gaap_ProceedsFromIssuanceInitialPublicOffering"/>
    <loc xlink:type="locator" xlink:href="http://xbrl.fasb.org/us-gaap/2015/elts/us-gaap-2015-01-31.xsd#us-gaap_ProceedsFromIssuanceOfCommonStock" xlink:label="us-gaap_ProceedsFromIssuanceOfCommonStock"/>
    <loc xlink:type="locator" xlink:href="http://xbrl.fasb.org/us-gaap/2015/elts/us-gaap-2015-01-31.xsd#us-gaap_ProceedsFromIssuanceOfPreferredStockAndPreferenceStock" xlink:label="us-gaap_ProceedsFromIssuanceOfPreferredStockAndPreferenceStock"/>
    <loc xlink:type="locator" xlink:href="http://xbrl.fasb.org/us-gaap/2015/elts/us-gaap-2015-01-31.xsd#us-gaap_ProceedsFromNotesPayable" xlink:label="us-gaap_ProceedsFromNotesPayable"/>
    <loc xlink:type="locator" xlink:href="http://xbrl.fasb.org/us-gaap/2015/elts/us-gaap-2015-01-31.xsd#us-gaap_ProceedsFromSaleOfPropertyPlantAndEquipment" xlink:label="us-gaap_ProceedsFromSaleOfPropertyPlantAndEquipment"/>
    <loc xlink:type="locator" xlink:href="http://xbrl.fasb.org/us-gaap/2015/elts/us-gaap-2015-01-31.xsd#us-gaap_RepaymentsOfLongTermCapitalLeaseObligations" xlink:label="us-gaap_RepaymentsOfLongTermCapitalLeaseObligations"/>
    <loc xlink:type="locator" xlink:href="http://xbrl.fasb.org/us-gaap/2015/elts/us-gaap-2015-01-31.xsd#us-gaap_RepaymentsOfNotesPayable" xlink:label="us-gaap_RepaymentsOfNotesPayable"/>
    <loc xlink:type="locator" xlink:href="http://xbrl.fasb.org/us-gaap/2015/elts/us-gaap-2015-01-31.xsd#us-gaap_ShareBasedCompensation" xlink:label="us-gaap_ShareBasedCompensation"/>
    <loc xlink:type="locator" xlink:href="http://xbrl.fasb.org/us-gaap/2015/elts/us-gaap-2015-01-31.xsd#us-gaap_StraightLineRentAdjustments" xlink:label="us-gaap_StraightLineRentAdjustments"/>
    <calculationArc xlink:type="arc" xlink:arcrole="http://www.xbrl.org/2003/arcrole/summation-item" xlink:from="us-gaap_CashAndCashEquivalentsPeriodIncreaseDecrease" xlink:to="us-gaap_NetCashProvidedByUsedInOperatingActivitiesContinuingOperations" order="1.1300" weight="1.00" priority="2" use="optional"/>
    <calculationArc xlink:type="arc" xlink:arcrole="http://www.xbrl.org/2003/arcrole/summation-item" xlink:from="us-gaap_CashAndCashEquivalentsPeriodIncreaseDecrease" xlink:to="us-gaap_NetCashProvidedByUsedInInvestingActivitiesContinuingOperations" order="1.1800" weight="1.00" priority="2" use="optional"/>
    <calculationArc xlink:type="arc" xlink:arcrole="http://www.xbrl.org/2003/arcrole/summation-item" xlink:from="us-gaap_CashAndCashEquivalentsPeriodIncreaseDecrease" xlink:to="us-gaap_NetCashProvidedByUsedInFinancingActivitiesContinuingOperations" order="1.2600" weight="1.00" priority="2" use="optional"/>
    <calculationArc xlink:type="arc" xlink:arcrole="http://www.xbrl.org/2003/arcrole/summation-item" xlink:from="us-gaap_CashAndCashEquivalentsPeriodIncreaseDecrease" xlink:to="us-gaap_EffectOfExchangeRateOnCashContinuingOperations" order="1.2700" weight="1.00" priority="2" use="optional"/>
    <calculationArc xlink:type="arc" xlink:arcrole="http://www.xbrl.org/2003/arcrole/summation-item" xlink:from="us-gaap_NetCashProvidedByUsedInFinancingActivitiesContinuingOperations" xlink:to="us-gaap_ProceedsFromIssuanceInitialPublicOffering" order="1.1900" weight="1.00" priority="2" use="optional"/>
    <calculationArc xlink:type="arc" xlink:arcrole="http://www.xbrl.org/2003/arcrole/summation-item" xlink:from="us-gaap_NetCashProvidedByUsedInFinancingActivitiesContinuingOperations" xlink:to="us-gaap_ProceedsFromIssuanceOfPreferredStockAndPreferenceStock" order="1.2000" weight="1.00" priority="2" use="optional"/>
    <calculationArc xlink:type="arc" xlink:arcrole="http://www.xbrl.org/2003/arcrole/summation-item" xlink:from="us-gaap_NetCashProvidedByUsedInFinancingActivitiesContinuingOperations" xlink:to="us-gaap_ProceedsFromIssuanceOfCommonStock" order="1.2100" weight="1.00" priority="2" use="optional"/>
    <calculationArc xlink:type="arc" xlink:arcrole="http://www.xbrl.org/2003/arcrole/summation-item" xlink:from="us-gaap_NetCashProvidedByUsedInFinancingActivitiesContinuingOperations" xlink:to="wve_ProceedsFromGovernmentGrant" order="1.2200" weight="1.00" priority="2" use="optional"/>
    <calculationArc xlink:type="arc" xlink:arcrole="http://www.xbrl.org/2003/arcrole/summation-item" xlink:from="us-gaap_NetCashProvidedByUsedInFinancingActivitiesContinuingOperations" xlink:to="us-gaap_ProceedsFromNotesPayable" order="1.2300" weight="1.00" priority="2" use="optional"/>
    <calculationArc xlink:type="arc" xlink:arcrole="http://www.xbrl.org/2003/arcrole/summation-item" xlink:from="us-gaap_NetCashProvidedByUsedInFinancingActivitiesContinuingOperations" xlink:to="us-gaap_RepaymentsOfNotesPayable" order="1.2400" weight="-1.00" priority="2" use="optional"/>
    <calculationArc xlink:type="arc" xlink:arcrole="http://www.xbrl.org/2003/arcrole/summation-item" xlink:from="us-gaap_NetCashProvidedByUsedInFinancingActivitiesContinuingOperations" xlink:to="us-gaap_RepaymentsOfLongTermCapitalLeaseObligations" order="1.2500" weight="-1.00" priority="2" use="optional"/>
    <calculationArc xlink:type="arc" xlink:arcrole="http://www.xbrl.org/2003/arcrole/summation-item" xlink:from="us-gaap_NetCashProvidedByUsedInInvestingActivitiesContinuingOperations" xlink:to="us-gaap_IncreaseDecreaseInRestrictedCash" order="1.1400" weight="-1.00" priority="2" use="optional"/>
    <calculationArc xlink:type="arc" xlink:arcrole="http://www.xbrl.org/2003/arcrole/summation-item" xlink:from="us-gaap_NetCashProvidedByUsedInInvestingActivitiesContinuingOperations" xlink:to="wve_ProceedsFromGovernmentGrantReimbursementsForPropertyAndEquipment" order="1.1500" weight="1.00" priority="2" use="optional"/>
    <calculationArc xlink:type="arc" xlink:arcrole="http://www.xbrl.org/2003/arcrole/summation-item" xlink:from="us-gaap_NetCashProvidedByUsedInInvestingActivitiesContinuingOperations" xlink:to="us-gaap_ProceedsFromSaleOfPropertyPlantAndEquipment" order="1.1600" weight="1.00" priority="2" use="optional"/>
    <calculationArc xlink:type="arc" xlink:arcrole="http://www.xbrl.org/2003/arcrole/summation-item" xlink:from="us-gaap_NetCashProvidedByUsedInInvestingActivitiesContinuingOperations" xlink:to="us-gaap_PaymentsToAcquirePropertyPlantAndEquipment" order="1.1700" weight="-1.00" priority="2" use="optional"/>
    <calculationArc xlink:type="arc" xlink:arcrole="http://www.xbrl.org/2003/arcrole/summation-item" xlink:from="us-gaap_NetCashProvidedByUsedInOperatingActivitiesContinuingOperations" xlink:to="us-gaap_NetIncomeLoss" order="1.0100" weight="1.00" priority="2" use="optional"/>
    <calculationArc xlink:type="arc" xlink:arcrole="http://www.xbrl.org/2003/arcrole/summation-item" xlink:from="us-gaap_NetCashProvidedByUsedInOperatingActivitiesContinuingOperations" xlink:to="us-gaap_DepreciationAndAmortization" order="1.0200" weight="1.00" priority="2" use="optional"/>
    <calculationArc xlink:type="arc" xlink:arcrole="http://www.xbrl.org/2003/arcrole/summation-item" xlink:from="us-gaap_NetCashProvidedByUsedInOperatingActivitiesContinuingOperations" xlink:to="us-gaap_ShareBasedCompensation" order="1.0300" weight="1.00" priority="2" use="optional"/>
    <calculationArc xlink:type="arc" xlink:arcrole="http://www.xbrl.org/2003/arcrole/summation-item" xlink:from="us-gaap_NetCashProvidedByUsedInOperatingActivitiesContinuingOperations" xlink:to="us-gaap_StraightLineRentAdjustments" order="1.0400" weight="1.00" priority="2" use="optional"/>
    <calculationArc xlink:type="arc" xlink:arcrole="http://www.xbrl.org/2003/arcrole/summation-item" xlink:from="us-gaap_NetCashProvidedByUsedInOperatingActivitiesContinuingOperations" xlink:to="us-gaap_GainLossOnSaleOfPropertyPlantEquipment" order="1.0500" weight="-1.00" priority="2" use="optional"/>
    <calculationArc xlink:type="arc" xlink:arcrole="http://www.xbrl.org/2003/arcrole/summation-item" xlink:from="us-gaap_NetCashProvidedByUsedInOperatingActivitiesContinuingOperations" xlink:to="us-gaap_DeferredIncomeTaxesAndTaxCredits" order="1.0600" weight="1.00" priority="2" use="optional"/>
    <calculationArc xlink:type="arc" xlink:arcrole="http://www.xbrl.org/2003/arcrole/summation-item" xlink:from="us-gaap_NetCashProvidedByUsedInOperatingActivitiesContinuingOperations" xlink:to="us-gaap_IncreaseDecreaseInAccountsReceivable" order="1.0700" weight="-1.00" priority="2" use="optional"/>
    <calculationArc xlink:type="arc" xlink:arcrole="http://www.xbrl.org/2003/arcrole/summation-item" xlink:from="us-gaap_NetCashProvidedByUsedInOperatingActivitiesContinuingOperations" xlink:to="us-gaap_IncreaseDecreaseInPrepaidDeferredExpenseAndOtherAssets" order="1.0800" weight="-1.00" priority="2" use="optional"/>
    <calculationArc xlink:type="arc" xlink:arcrole="http://www.xbrl.org/2003/arcrole/summation-item" xlink:from="us-gaap_NetCashProvidedByUsedInOperatingActivitiesContinuingOperations" xlink:to="us-gaap_IncreaseDecreaseInAccountsPayable" order="1.0900" weight="1.00" priority="2" use="optional"/>
    <calculationArc xlink:type="arc" xlink:arcrole="http://www.xbrl.org/2003/arcrole/summation-item" xlink:from="us-gaap_NetCashProvidedByUsedInOperatingActivitiesContinuingOperations" xlink:to="us-gaap_IncreaseDecreaseInAccountsPayableAndAccruedLiabilities" order="1.1000" weight="1.00" priority="2" use="optional"/>
    <calculationArc xlink:type="arc" xlink:arcrole="http://www.xbrl.org/2003/arcrole/summation-item" xlink:from="us-gaap_NetCashProvidedByUsedInOperatingActivitiesContinuingOperations" xlink:to="us-gaap_IncreaseDecreaseInDeferredRevenue" order="1.1100" weight="1.00" priority="2" use="optional"/>
    <calculationArc xlink:type="arc" xlink:arcrole="http://www.xbrl.org/2003/arcrole/summation-item" xlink:from="us-gaap_NetCashProvidedByUsedInOperatingActivitiesContinuingOperations" xlink:to="us-gaap_IncreaseDecreaseInOtherNoncurrentLiabilities" order="1.1200" weight="1.00" priority="2" use="optional"/>
  </calculationLink>
  <calculationLink xlink:type="extended" xlink:role="http://www.wavelifesciences.com/taxonomy/role/DisclosureTheCompanyAdditionalInformation">
  </calculationLink>
  <calculationLink xlink:type="extended" xlink:role="http://www.wavelifesciences.com/taxonomy/role/DisclosureSignificantAccountingPoliciesAdditionalInformation">
  </calculationLink>
  <calculationLink xlink:type="extended" xlink:role="http://www.wavelifesciences.com/taxonomy/role/DisclosureSignificantAccountingPoliciesScheduleOfEstimatedUsefulLivesOfAssets">
  </calculationLink>
  <calculationLink xlink:type="extended" xlink:role="http://www.wavelifesciences.com/taxonomy/role/DisclosurePropertyAndEquipmentScheduleOfPropertyAndEquipmentNet">
    <loc xlink:type="locator" xlink:href="http://xbrl.fasb.org/us-gaap/2015/elts/us-gaap-2015-01-31.xsd#us-gaap_AccumulatedDepreciationDepletionAndAmortizationPropertyPlantAndEquipment" xlink:label="us-gaap_AccumulatedDepreciationDepletionAndAmortizationPropertyPlantAndEquipment"/>
    <loc xlink:type="locator" xlink:href="http://xbrl.fasb.org/us-gaap/2015/elts/us-gaap-2015-01-31.xsd#us-gaap_PropertyPlantAndEquipmentGross" xlink:label="us-gaap_PropertyPlantAndEquipmentGross"/>
    <loc xlink:type="locator" xlink:href="http://xbrl.fasb.org/us-gaap/2015/elts/us-gaap-2015-01-31.xsd#us-gaap_PropertyPlantAndEquipmentNet" xlink:label="us-gaap_PropertyPlantAndEquipmentNet"/>
    <calculationArc xlink:type="arc" xlink:arcrole="http://www.xbrl.org/2003/arcrole/summation-item" xlink:from="us-gaap_PropertyPlantAndEquipmentNet" xlink:to="us-gaap_PropertyPlantAndEquipmentGross" order="1.0200" weight="1.00" priority="2" use="optional"/>
    <calculationArc xlink:type="arc" xlink:arcrole="http://www.xbrl.org/2003/arcrole/summation-item" xlink:from="us-gaap_PropertyPlantAndEquipmentNet" xlink:to="us-gaap_AccumulatedDepreciationDepletionAndAmortizationPropertyPlantAndEquipment" order="1.0300" weight="-1.00" priority="2" use="optional"/>
  </calculationLink>
  <calculationLink xlink:type="extended" xlink:role="http://www.wavelifesciences.com/taxonomy/role/DisclosurePropertyAndEquipmentAdditionalInformation">
  </calculationLink>
  <calculationLink xlink:type="extended" xlink:role="http://www.wavelifesciences.com/taxonomy/role/DisclosureAccruedExpensesSummaryOfAccruedExpensesAndOtherCurrentLiabilities">
    <loc xlink:type="locator" xlink:href="http://xbrl.fasb.org/us-gaap/2015/elts/us-gaap-2015-01-31.xsd#us-gaap_AccruedLiabilitiesAndOtherLiabilities" xlink:label="us-gaap_AccruedLiabilitiesAndOtherLiabilities"/>
    <loc xlink:type="locator" xlink:href="http://xbrl.fasb.org/us-gaap/2015/elts/us-gaap-2015-01-31.xsd#us-gaap_AccruedProfessionalFeesCurrent" xlink:label="us-gaap_AccruedProfessionalFeesCurrent"/>
    <loc xlink:type="locator" xlink:href="http://xbrl.fasb.org/us-gaap/2015/elts/us-gaap-2015-01-31.xsd#us-gaap_AccruedVacationCurrent" xlink:label="us-gaap_AccruedVacationCurrent"/>
    <loc xlink:type="locator" xlink:href="http://xbrl.fasb.org/us-gaap/2015/elts/us-gaap-2015-01-31.xsd#us-gaap_EmployeeRelatedLiabilitiesCurrent" xlink:label="us-gaap_EmployeeRelatedLiabilitiesCurrent"/>
    <loc xlink:type="locator" xlink:href="http://xbrl.fasb.org/us-gaap/2015/elts/us-gaap-2015-01-31.xsd#us-gaap_OtherAccruedLiabilitiesCurrent" xlink:label="us-gaap_OtherAccruedLiabilitiesCurrent"/>
    <calculationArc xlink:type="arc" xlink:arcrole="http://www.xbrl.org/2003/arcrole/summation-item" xlink:from="us-gaap_AccruedLiabilitiesAndOtherLiabilities" xlink:to="us-gaap_EmployeeRelatedLiabilitiesCurrent" order="1.0100" weight="1.00" priority="2" use="optional"/>
    <calculationArc xlink:type="arc" xlink:arcrole="http://www.xbrl.org/2003/arcrole/summation-item" xlink:from="us-gaap_AccruedLiabilitiesAndOtherLiabilities" xlink:to="us-gaap_AccruedProfessionalFeesCurrent" order="1.0200" weight="1.00" priority="2" use="optional"/>
    <calculationArc xlink:type="arc" xlink:arcrole="http://www.xbrl.org/2003/arcrole/summation-item" xlink:from="us-gaap_AccruedLiabilitiesAndOtherLiabilities" xlink:to="us-gaap_AccruedVacationCurrent" order="1.0300" weight="1.00" priority="2" use="optional"/>
    <calculationArc xlink:type="arc" xlink:arcrole="http://www.xbrl.org/2003/arcrole/summation-item" xlink:from="us-gaap_AccruedLiabilitiesAndOtherLiabilities" xlink:to="us-gaap_OtherAccruedLiabilitiesCurrent" order="1.0400" weight="1.00" priority="2" use="optional"/>
  </calculationLink>
  <calculationLink xlink:type="extended" xlink:role="http://www.wavelifesciences.com/taxonomy/role/DisclosureRelatedPartyNotesPayableAdditionalInformation">
  </calculationLink>
  <calculationLink xlink:type="extended" xlink:role="http://www.wavelifesciences.com/taxonomy/role/DisclosureShareCapitalOrdinarySharesAdditionalInformation">
  </calculationLink>
  <calculationLink xlink:type="extended" xlink:role="http://www.wavelifesciences.com/taxonomy/role/DisclosureShareCapitalSeriesAPreferredSharesAdditionalInformation">
  </calculationLink>
  <calculationLink xlink:type="extended" xlink:role="http://www.wavelifesciences.com/taxonomy/role/DisclosureShareCapitalSeriesBPreferredSharesAdditionalInformation">
  </calculationLink>
  <calculationLink xlink:type="extended" xlink:role="http://www.wavelifesciences.com/taxonomy/role/DisclosureShareBasedCompensationAdditionalInformation">
  </calculationLink>
  <calculationLink xlink:type="extended" xlink:role="http://www.wavelifesciences.com/taxonomy/role/DisclosureShareBasedCompensationSummaryOfShareOptionActivity">
  </calculationLink>
  <calculationLink xlink:type="extended" xlink:role="http://www.wavelifesciences.com/taxonomy/role/DisclosureShareBasedCompensationSummaryOfShareOptionActivityParenthetical">
  </calculationLink>
  <calculationLink xlink:type="extended" xlink:role="http://www.wavelifesciences.com/taxonomy/role/DisclosureShareBasedCompensationSummaryOfFairValueOfShareOptionsGrantedToEmployees">
  </calculationLink>
  <calculationLink xlink:type="extended" xlink:role="http://www.wavelifesciences.com/taxonomy/role/DisclosureShareBasedCompensationSummaryOfFairValueOfShareOptionsGrantedToNonEmployees">
  </calculationLink>
  <calculationLink xlink:type="extended" xlink:role="http://www.wavelifesciences.com/taxonomy/role/DisclosureShareBasedCompensationSummaryOfSharebasedCompensationExpenseClassifiedInConsolidatedStatementsOfOperations">
  </calculationLink>
  <calculationLink xlink:type="extended" xlink:role="http://www.wavelifesciences.com/taxonomy/role/DisclosureLeaseArrangementsAdditionalInformation">
  </calculationLink>
  <calculationLink xlink:type="extended" xlink:role="http://www.wavelifesciences.com/taxonomy/role/DisclosureLeaseArrangementsFutureMinimumLeasePaymentsUnderOperatingLeases">
    <loc xlink:type="locator" xlink:href="http://xbrl.fasb.org/us-gaap/2015/elts/us-gaap-2015-01-31.xsd#us-gaap_OperatingLeasesFutureMinimumPaymentsDue" xlink:label="us-gaap_OperatingLeasesFutureMinimumPaymentsDue"/>
    <loc xlink:type="locator" xlink:href="http://xbrl.fasb.org/us-gaap/2015/elts/us-gaap-2015-01-31.xsd#us-gaap_OperatingLeasesFutureMinimumPaymentsDueCurrent" xlink:label="us-gaap_OperatingLeasesFutureMinimumPaymentsDueCurrent"/>
    <loc xlink:type="locator" xlink:href="http://xbrl.fasb.org/us-gaap/2015/elts/us-gaap-2015-01-31.xsd#us-gaap_OperatingLeasesFutureMinimumPaymentsDueInFourYears" xlink:label="us-gaap_OperatingLeasesFutureMinimumPaymentsDueInFourYears"/>
    <loc xlink:type="locator" xlink:href="http://xbrl.fasb.org/us-gaap/2015/elts/us-gaap-2015-01-31.xsd#us-gaap_OperatingLeasesFutureMinimumPaymentsDueInThreeYears" xlink:label="us-gaap_OperatingLeasesFutureMinimumPaymentsDueInThreeYears"/>
    <loc xlink:type="locator" xlink:href="http://xbrl.fasb.org/us-gaap/2015/elts/us-gaap-2015-01-31.xsd#us-gaap_OperatingLeasesFutureMinimumPaymentsDueInTwoYears" xlink:label="us-gaap_OperatingLeasesFutureMinimumPaymentsDueInTwoYears"/>
    <loc xlink:type="locator" xlink:href="http://xbrl.fasb.org/us-gaap/2015/elts/us-gaap-2015-01-31.xsd#us-gaap_OperatingLeasesFutureMinimumPaymentsDueThereafter" xlink:label="us-gaap_OperatingLeasesFutureMinimumPaymentsDueThereafter"/>
    <calculationArc xlink:type="arc" xlink:arcrole="http://www.xbrl.org/2003/arcrole/summation-item" xlink:from="us-gaap_OperatingLeasesFutureMinimumPaymentsDue" xlink:to="us-gaap_OperatingLeasesFutureMinimumPaymentsDueCurrent" order="1.0100" weight="1.00" priority="2" use="optional"/>
    <calculationArc xlink:type="arc" xlink:arcrole="http://www.xbrl.org/2003/arcrole/summation-item" xlink:from="us-gaap_OperatingLeasesFutureMinimumPaymentsDue" xlink:to="us-gaap_OperatingLeasesFutureMinimumPaymentsDueInTwoYears" order="1.0200" weight="1.00" priority="2" use="optional"/>
    <calculationArc xlink:type="arc" xlink:arcrole="http://www.xbrl.org/2003/arcrole/summation-item" xlink:from="us-gaap_OperatingLeasesFutureMinimumPaymentsDue" xlink:to="us-gaap_OperatingLeasesFutureMinimumPaymentsDueInThreeYears" order="1.0300" weight="1.00" priority="2" use="optional"/>
    <calculationArc xlink:type="arc" xlink:arcrole="http://www.xbrl.org/2003/arcrole/summation-item" xlink:from="us-gaap_OperatingLeasesFutureMinimumPaymentsDue" xlink:to="us-gaap_OperatingLeasesFutureMinimumPaymentsDueInFourYears" order="1.0400" weight="1.00" priority="2" use="optional"/>
    <calculationArc xlink:type="arc" xlink:arcrole="http://www.xbrl.org/2003/arcrole/summation-item" xlink:from="us-gaap_OperatingLeasesFutureMinimumPaymentsDue" xlink:to="us-gaap_OperatingLeasesFutureMinimumPaymentsDueThereafter" order="1.0500" weight="1.00" priority="2" use="optional"/>
  </calculationLink>
  <calculationLink xlink:type="extended" xlink:role="http://www.wavelifesciences.com/taxonomy/role/DisclosureCommitmentsAndContingenciesAdditionalInformation">
  </calculationLink>
  <calculationLink xlink:type="extended" xlink:role="http://www.wavelifesciences.com/taxonomy/role/DisclosureNetLossPerOrdinaryShareSummaryOfBasicAndDilutedNetLossPerOrdinaryShare">
  </calculationLink>
  <calculationLink xlink:type="extended" xlink:role="http://www.wavelifesciences.com/taxonomy/role/DisclosureNetLossPerOrdinaryShareAntiDilutiveSharesExcludedFromCalculationOfDilutedNetLossPerOrdinaryShare">
  </calculationLink>
  <calculationLink xlink:type="extended" xlink:role="http://www.wavelifesciences.com/taxonomy/role/DisclosureIncomeTaxesComponentsOfLossBeforeIncomeTaxes">
  </calculationLink>
  <calculationLink xlink:type="extended" xlink:role="http://www.wavelifesciences.com/taxonomy/role/DisclosureIncomeTaxesAdditionalInformation">
  </calculationLink>
  <calculationLink xlink:type="extended" xlink:role="http://www.wavelifesciences.com/taxonomy/role/DisclosureIncomeTaxesDeferredComponentsOfBenefitProvisionForIncomeTaxes">
    <loc xlink:type="locator" xlink:href="http://xbrl.fasb.org/us-gaap/2015/elts/us-gaap-2015-01-31.xsd#us-gaap_CurrentIncomeTaxExpenseBenefit" xlink:label="us-gaap_CurrentIncomeTaxExpenseBenefit"/>
    <loc xlink:type="locator" xlink:href="http://xbrl.fasb.org/us-gaap/2015/elts/us-gaap-2015-01-31.xsd#us-gaap_DeferredIncomeTaxExpenseBenefit" xlink:label="us-gaap_DeferredIncomeTaxExpenseBenefit"/>
    <loc xlink:type="locator" xlink:href="http://xbrl.fasb.org/us-gaap/2015/elts/us-gaap-2015-01-31.xsd#us-gaap_IncomeTaxExpenseBenefit" xlink:label="us-gaap_IncomeTaxExpenseBenefit"/>
    <calculationArc xlink:type="arc" xlink:arcrole="http://www.xbrl.org/2003/arcrole/summation-item" xlink:from="us-gaap_IncomeTaxExpenseBenefit" xlink:to="us-gaap_CurrentIncomeTaxExpenseBenefit" order="1.0300" weight="1.00" priority="2" use="optional"/>
    <calculationArc xlink:type="arc" xlink:arcrole="http://www.xbrl.org/2003/arcrole/summation-item" xlink:from="us-gaap_IncomeTaxExpenseBenefit" xlink:to="us-gaap_DeferredIncomeTaxExpenseBenefit" order="1.0400" weight="1.00" priority="2" use="optional"/>
  </calculationLink>
  <calculationLink xlink:type="extended" xlink:role="http://www.wavelifesciences.com/taxonomy/role/DisclosureIncomeTaxesReconciliationOfStatutoryIncomeTaxRate">
    <loc xlink:type="locator" xlink:href="http://xbrl.fasb.org/us-gaap/2015/elts/us-gaap-2015-01-31.xsd#us-gaap_EffectiveIncomeTaxRateContinuingOperations" xlink:label="us-gaap_EffectiveIncomeTaxRateContinuingOperations"/>
    <loc xlink:type="locator" xlink:href="http://xbrl.fasb.org/us-gaap/2015/elts/us-gaap-2015-01-31.xsd#us-gaap_EffectiveIncomeTaxRateReconciliationAtFederalStatutoryIncomeTaxRate" xlink:label="us-gaap_EffectiveIncomeTaxRateReconciliationAtFederalStatutoryIncomeTaxRate"/>
    <loc xlink:type="locator" xlink:href="http://xbrl.fasb.org/us-gaap/2015/elts/us-gaap-2015-01-31.xsd#us-gaap_EffectiveIncomeTaxRateReconciliationChangeInDeferredTaxAssetsValuationAllowance" xlink:label="us-gaap_EffectiveIncomeTaxRateReconciliationChangeInDeferredTaxAssetsValuationAllowance"/>
    <loc xlink:type="locator" xlink:href="http://xbrl.fasb.org/us-gaap/2015/elts/us-gaap-2015-01-31.xsd#us-gaap_EffectiveIncomeTaxRateReconciliationChangeInEnactedTaxRate" xlink:label="us-gaap_EffectiveIncomeTaxRateReconciliationChangeInEnactedTaxRate"/>
    <loc xlink:type="locator" xlink:href="wve-20151231.xsd#wve_EffectiveIncomeTaxRateReconciliationChangeInReserveForUncertainTaxPositions" xlink:label="wve_EffectiveIncomeTaxRateReconciliationChangeInReserveForUncertainTaxPositions"/>
    <loc xlink:type="locator" xlink:href="wve-20151231.xsd#wve_EffectiveIncomeTaxRateReconciliationForeignExchangeGainLoss" xlink:label="wve_EffectiveIncomeTaxRateReconciliationForeignExchangeGainLoss"/>
    <loc xlink:type="locator" xlink:href="http://xbrl.fasb.org/us-gaap/2015/elts/us-gaap-2015-01-31.xsd#us-gaap_EffectiveIncomeTaxRateReconciliationForeignIncomeTaxRateDifferential" xlink:label="us-gaap_EffectiveIncomeTaxRateReconciliationForeignIncomeTaxRateDifferential"/>
    <loc xlink:type="locator" xlink:href="wve-20151231.xsd#wve_EffectiveIncomeTaxRateReconciliationPermanentDifferences" xlink:label="wve_EffectiveIncomeTaxRateReconciliationPermanentDifferences"/>
    <loc xlink:type="locator" xlink:href="wve-20151231.xsd#wve_EffectiveIncomeTaxRateReconciliationTaxCreditsResearchAndDevelopment" xlink:label="wve_EffectiveIncomeTaxRateReconciliationTaxCreditsResearchAndDevelopment"/>
    <calculationArc xlink:type="arc" xlink:arcrole="http://www.xbrl.org/2003/arcrole/summation-item" xlink:from="us-gaap_EffectiveIncomeTaxRateContinuingOperations" xlink:to="us-gaap_EffectiveIncomeTaxRateReconciliationAtFederalStatutoryIncomeTaxRate" order="1.0100" weight="1.00" priority="2" use="optional"/>
    <calculationArc xlink:type="arc" xlink:arcrole="http://www.xbrl.org/2003/arcrole/summation-item" xlink:from="us-gaap_EffectiveIncomeTaxRateContinuingOperations" xlink:to="wve_EffectiveIncomeTaxRateReconciliationTaxCreditsResearchAndDevelopment" order="1.0200" weight="1.00" priority="2" use="optional"/>
    <calculationArc xlink:type="arc" xlink:arcrole="http://www.xbrl.org/2003/arcrole/summation-item" xlink:from="us-gaap_EffectiveIncomeTaxRateContinuingOperations" xlink:to="wve_EffectiveIncomeTaxRateReconciliationPermanentDifferences" order="1.0300" weight="1.00" priority="2" use="optional"/>
    <calculationArc xlink:type="arc" xlink:arcrole="http://www.xbrl.org/2003/arcrole/summation-item" xlink:from="us-gaap_EffectiveIncomeTaxRateContinuingOperations" xlink:to="wve_EffectiveIncomeTaxRateReconciliationForeignExchangeGainLoss" order="1.0400" weight="1.00" priority="2" use="optional"/>
    <calculationArc xlink:type="arc" xlink:arcrole="http://www.xbrl.org/2003/arcrole/summation-item" xlink:from="us-gaap_EffectiveIncomeTaxRateContinuingOperations" xlink:to="wve_EffectiveIncomeTaxRateReconciliationChangeInReserveForUncertainTaxPositions" order="1.0500" weight="1.00" priority="2" use="optional"/>
    <calculationArc xlink:type="arc" xlink:arcrole="http://www.xbrl.org/2003/arcrole/summation-item" xlink:from="us-gaap_EffectiveIncomeTaxRateContinuingOperations" xlink:to="us-gaap_EffectiveIncomeTaxRateReconciliationForeignIncomeTaxRateDifferential" order="1.0600" weight="1.00" priority="2" use="optional"/>
    <calculationArc xlink:type="arc" xlink:arcrole="http://www.xbrl.org/2003/arcrole/summation-item" xlink:from="us-gaap_EffectiveIncomeTaxRateContinuingOperations" xlink:to="us-gaap_EffectiveIncomeTaxRateReconciliationChangeInEnactedTaxRate" order="1.0700" weight="1.00" priority="2" use="optional"/>
    <calculationArc xlink:type="arc" xlink:arcrole="http://www.xbrl.org/2003/arcrole/summation-item" xlink:from="us-gaap_EffectiveIncomeTaxRateContinuingOperations" xlink:to="us-gaap_EffectiveIncomeTaxRateReconciliationChangeInDeferredTaxAssetsValuationAllowance" order="1.0800" weight="1.00" priority="2" use="optional"/>
  </calculationLink>
  <calculationLink xlink:type="extended" xlink:role="http://www.wavelifesciences.com/taxonomy/role/DisclosureIncomeTaxesComponentsOfDeferredTaxAssets">
    <loc xlink:type="locator" xlink:href="http://xbrl.fasb.org/us-gaap/2015/elts/us-gaap-2015-01-31.xsd#us-gaap_DeferredIncomeTaxLiabilities" xlink:label="us-gaap_DeferredIncomeTaxLiabilities"/>
    <loc xlink:type="locator" xlink:href="http://xbrl.fasb.org/us-gaap/2015/elts/us-gaap-2015-01-31.xsd#us-gaap_DeferredTaxAssetsGross" xlink:label="us-gaap_DeferredTaxAssetsGross"/>
    <loc xlink:type="locator" xlink:href="http://xbrl.fasb.org/us-gaap/2015/elts/us-gaap-2015-01-31.xsd#us-gaap_DeferredTaxAssetsInProcessResearchAndDevelopment" xlink:label="us-gaap_DeferredTaxAssetsInProcessResearchAndDevelopment"/>
    <loc xlink:type="locator" xlink:href="http://xbrl.fasb.org/us-gaap/2015/elts/us-gaap-2015-01-31.xsd#us-gaap_DeferredTaxAssetsLiabilitiesNet" xlink:label="us-gaap_DeferredTaxAssetsLiabilitiesNet"/>
    <loc xlink:type="locator" xlink:href="http://xbrl.fasb.org/us-gaap/2015/elts/us-gaap-2015-01-31.xsd#us-gaap_DeferredTaxAssetsNet" xlink:label="us-gaap_DeferredTaxAssetsNet"/>
    <loc xlink:type="locator" xlink:href="http://xbrl.fasb.org/us-gaap/2015/elts/us-gaap-2015-01-31.xsd#us-gaap_DeferredTaxAssetsOperatingLossCarryforwards" xlink:label="us-gaap_DeferredTaxAssetsOperatingLossCarryforwards"/>
    <loc xlink:type="locator" xlink:href="http://xbrl.fasb.org/us-gaap/2015/elts/us-gaap-2015-01-31.xsd#us-gaap_DeferredTaxAssetsOther" xlink:label="us-gaap_DeferredTaxAssetsOther"/>
    <loc xlink:type="locator" xlink:href="http://xbrl.fasb.org/us-gaap/2015/elts/us-gaap-2015-01-31.xsd#us-gaap_DeferredTaxAssetsTaxDeferredExpense" xlink:label="us-gaap_DeferredTaxAssetsTaxDeferredExpense"/>
    <loc xlink:type="locator" xlink:href="http://xbrl.fasb.org/us-gaap/2015/elts/us-gaap-2015-01-31.xsd#us-gaap_DeferredTaxAssetsTaxDeferredExpenseCompensationAndBenefitsShareBasedCompensationCost" xlink:label="us-gaap_DeferredTaxAssetsTaxDeferredExpenseCompensationAndBenefitsShareBasedCompensationCost"/>
    <loc xlink:type="locator" xlink:href="http://xbrl.fasb.org/us-gaap/2015/elts/us-gaap-2015-01-31.xsd#us-gaap_DeferredTaxAssetsTaxDeferredExpenseReservesAndAccrualsAccruedLiabilities" xlink:label="us-gaap_DeferredTaxAssetsTaxDeferredExpenseReservesAndAccrualsAccruedLiabilities"/>
    <loc xlink:type="locator" xlink:href="http://xbrl.fasb.org/us-gaap/2015/elts/us-gaap-2015-01-31.xsd#us-gaap_DeferredTaxAssetsValuationAllowance" xlink:label="us-gaap_DeferredTaxAssetsValuationAllowance"/>
    <calculationArc xlink:type="arc" xlink:arcrole="http://www.xbrl.org/2003/arcrole/summation-item" xlink:from="us-gaap_DeferredTaxAssetsGross" xlink:to="us-gaap_DeferredTaxAssetsOperatingLossCarryforwards" order="1.0100" weight="1.00" priority="2" use="optional"/>
    <calculationArc xlink:type="arc" xlink:arcrole="http://www.xbrl.org/2003/arcrole/summation-item" xlink:from="us-gaap_DeferredTaxAssetsGross" xlink:to="us-gaap_DeferredTaxAssetsInProcessResearchAndDevelopment" order="1.0200" weight="1.00" priority="2" use="optional"/>
    <calculationArc xlink:type="arc" xlink:arcrole="http://www.xbrl.org/2003/arcrole/summation-item" xlink:from="us-gaap_DeferredTaxAssetsGross" xlink:to="us-gaap_DeferredTaxAssetsTaxDeferredExpenseReservesAndAccrualsAccruedLiabilities" order="1.0300" weight="1.00" priority="2" use="optional"/>
    <calculationArc xlink:type="arc" xlink:arcrole="http://www.xbrl.org/2003/arcrole/summation-item" xlink:from="us-gaap_DeferredTaxAssetsGross" xlink:to="us-gaap_DeferredTaxAssetsTaxDeferredExpenseCompensationAndBenefitsShareBasedCompensationCost" order="1.0400" weight="1.00" priority="2" use="optional"/>
    <calculationArc xlink:type="arc" xlink:arcrole="http://www.xbrl.org/2003/arcrole/summation-item" xlink:from="us-gaap_DeferredTaxAssetsGross" xlink:to="us-gaap_DeferredTaxAssetsTaxDeferredExpense" order="1.0500" weight="1.00" priority="2" use="optional"/>
    <calculationArc xlink:type="arc" xlink:arcrole="http://www.xbrl.org/2003/arcrole/summation-item" xlink:from="us-gaap_DeferredTaxAssetsGross" xlink:to="us-gaap_DeferredTaxAssetsOther" order="1.0600" weight="1.00" priority="2" use="optional"/>
    <calculationArc xlink:type="arc" xlink:arcrole="http://www.xbrl.org/2003/arcrole/summation-item" xlink:from="us-gaap_DeferredTaxAssetsLiabilitiesNet" xlink:to="us-gaap_DeferredTaxAssetsNet" order="1.0900" weight="1.00" priority="2" use="optional"/>
    <calculationArc xlink:type="arc" xlink:arcrole="http://www.xbrl.org/2003/arcrole/summation-item" xlink:from="us-gaap_DeferredTaxAssetsLiabilitiesNet" xlink:to="us-gaap_DeferredIncomeTaxLiabilities" order="1.1100" weight="-1.00" priority="2" use="optional"/>
    <calculationArc xlink:type="arc" xlink:arcrole="http://www.xbrl.org/2003/arcrole/summation-item" xlink:from="us-gaap_DeferredTaxAssetsNet" xlink:to="us-gaap_DeferredTaxAssetsGross" order="1.0700" weight="1.00" priority="2" use="optional"/>
    <calculationArc xlink:type="arc" xlink:arcrole="http://www.xbrl.org/2003/arcrole/summation-item" xlink:from="us-gaap_DeferredTaxAssetsNet" xlink:to="us-gaap_DeferredTaxAssetsValuationAllowance" order="1.0800" weight="-1.00" priority="2" use="optional"/>
  </calculationLink>
  <calculationLink xlink:type="extended" xlink:role="http://www.wavelifesciences.com/taxonomy/role/DisclosureIncomeTaxesSummaryOfValuationAllowance">
  </calculationLink>
  <calculationLink xlink:type="extended" xlink:role="http://www.wavelifesciences.com/taxonomy/role/DisclosureIncomeTaxesSummaryOfActivityInUnrecognizedTaxBenefits">
  </calculationLink>
  <calculationLink xlink:type="extended" xlink:role="http://www.wavelifesciences.com/taxonomy/role/DisclosureEmployeeBenefitPlansAdditionalInformation">
  </calculationLink>
  <calculationLink xlink:type="extended" xlink:role="http://www.wavelifesciences.com/taxonomy/role/DisclosureRelatedPartiesAdditionalInformation">
  </calculationLink>
  <calculationLink xlink:type="extended" xlink:role="http://www.wavelifesciences.com/taxonomy/role/DisclosureGeographicDataSummaryOfLongLivedAssetsByGeographicalAreas">
  </calculationLink>
  <calculationLink xlink:type="extended" xlink:role="http://www.wavelifesciences.com/taxonomy/role/DisclosureSelectedQuarterlyFinancialInformationUnauditedSummaryOfSelectedQuarterlyResultsFromOperations">
  </calculationLink>
  <calculationLink xlink:type="extended" xlink:role="http://www.wavelifesciences.com/taxonomy/role/NotesToFinancialStatementsOrganizationConsolidationAndPresentationOfFinancialStatementsDisclosureTextBlock">
  </calculationLink>
  <calculationLink xlink:type="extended" xlink:role="http://www.wavelifesciences.com/taxonomy/role/NotesToFinancialStatementsSignificantAccountingPoliciesTextBlock">
  </calculationLink>
  <calculationLink xlink:type="extended" xlink:role="http://www.wavelifesciences.com/taxonomy/role/NotesToFinancialStatementsSignificantAccountingPoliciesTextBlockPolicies">
  </calculationLink>
  <calculationLink xlink:type="extended" xlink:role="http://www.wavelifesciences.com/taxonomy/role/NotesToFinancialStatementsSignificantAccountingPoliciesTextBlockTables">
  </calculationLink>
  <calculationLink xlink:type="extended" xlink:role="http://www.wavelifesciences.com/taxonomy/role/NotesToFinancialStatementsPropertyPlantAndEquipmentDisclosureTextBlock">
  </calculationLink>
  <calculationLink xlink:type="extended" xlink:role="http://www.wavelifesciences.com/taxonomy/role/NotesToFinancialStatementsPropertyPlantAndEquipmentDisclosureTextBlockTables">
  </calculationLink>
  <calculationLink xlink:type="extended" xlink:role="http://www.wavelifesciences.com/taxonomy/role/NotesToFinancialStatementsAccountsPayableAndAccruedLiabilitiesDisclosureTextBlock">
  </calculationLink>
  <calculationLink xlink:type="extended" xlink:role="http://www.wavelifesciences.com/taxonomy/role/NotesToFinancialStatementsAccountsPayableAndAccruedLiabilitiesDisclosureTextBlockTables">
  </calculationLink>
  <calculationLink xlink:type="extended" xlink:role="http://www.wavelifesciences.com/taxonomy/role/NotesToFinancialStatementsNotesPayableRelatedPartyTextBlock">
  </calculationLink>
  <calculationLink xlink:type="extended" xlink:role="http://www.wavelifesciences.com/taxonomy/role/NotesToFinancialStatementsStockholdersEquityNoteDisclosureTextBlock">
  </calculationLink>
  <calculationLink xlink:type="extended" xlink:role="http://www.wavelifesciences.com/taxonomy/role/NotesToFinancialStatementsDisclosureOfCompensationRelatedCostsShareBasedPaymentsTextBlock">
  </calculationLink>
  <calculationLink xlink:type="extended" xlink:role="http://www.wavelifesciences.com/taxonomy/role/NotesToFinancialStatementsDisclosureOfCompensationRelatedCostsShareBasedPaymentsTextBlockTables">
  </calculationLink>
  <calculationLink xlink:type="extended" xlink:role="http://www.wavelifesciences.com/taxonomy/role/NotesToFinancialStatementsLeasesOfLessorDisclosureTextBlock">
  </calculationLink>
  <calculationLink xlink:type="extended" xlink:role="http://www.wavelifesciences.com/taxonomy/role/NotesToFinancialStatementsLeasesOfLessorDisclosureTextBlockTables">
  </calculationLink>
  <calculationLink xlink:type="extended" xlink:role="http://www.wavelifesciences.com/taxonomy/role/NotesToFinancialStatementsCommitmentsAndContingenciesDisclosureTextBlock">
  </calculationLink>
  <calculationLink xlink:type="extended" xlink:role="http://www.wavelifesciences.com/taxonomy/role/NotesToFinancialStatementsEarningsPerShareTextBlock">
  </calculationLink>
  <calculationLink xlink:type="extended" xlink:role="http://www.wavelifesciences.com/taxonomy/role/NotesToFinancialStatementsEarningsPerShareTextBlockTables">
  </calculationLink>
  <calculationLink xlink:type="extended" xlink:role="http://www.wavelifesciences.com/taxonomy/role/NotesToFinancialStatementsIncomeTaxDisclosureTextBlock">
  </calculationLink>
  <calculationLink xlink:type="extended" xlink:role="http://www.wavelifesciences.com/taxonomy/role/NotesToFinancialStatementsIncomeTaxDisclosureTextBlockTables">
  </calculationLink>
  <calculationLink xlink:type="extended" xlink:role="http://www.wavelifesciences.com/taxonomy/role/NotesToFinancialStatementsCompensationAndEmployeeBenefitPlansTextBlock">
  </calculationLink>
  <calculationLink xlink:type="extended" xlink:role="http://www.wavelifesciences.com/taxonomy/role/NotesToFinancialStatementsRelatedPartyTransactionsDisclosureTextBlock">
  </calculationLink>
  <calculationLink xlink:type="extended" xlink:role="http://www.wavelifesciences.com/taxonomy/role/NotesToFinancialStatementsGeographicDataDisclosureTextBlock">
  </calculationLink>
  <calculationLink xlink:type="extended" xlink:role="http://www.wavelifesciences.com/taxonomy/role/NotesToFinancialStatementsGeographicDataDisclosureTextBlockTables">
  </calculationLink>
  <calculationLink xlink:type="extended" xlink:role="http://www.wavelifesciences.com/taxonomy/role/NotesToFinancialStatementsQuarterlyFinancialInformationTextBlock">
  </calculationLink>
  <calculationLink xlink:type="extended" xlink:role="http://www.wavelifesciences.com/taxonomy/role/NotesToFinancialStatementsQuarterlyFinancialInformationTextBlockTables">
  </calculationLink>
</linkbase>
